# spike	reduction-partition-calibration
# metric	wall-clock microseconds, commit to completed
# warmup	8
# repetitions	30
# batch	64
# contract	FLUSH_AND_REASSOCIATE_F32
# declaration	BoundMetalCompileDeclaration::first_macos_apple9
# device	Apple M4 Max
# device_max_threads_per_threadgroup	1024
# device_max_threadgroup_memory	32768
# load_before	2.89 3.15 3.76
# oracle_tie	4x16	reference-checked
rows	contributors	elements	strategy	partitions	per_partition	governed	widest_workgroup	threadgroup_bytes	encoders	reps	batch	submit_min_us	submit_p50_us	submit_p90_us	submit_stddev_us	batch_min_us	batch_p50_us	batch_p90_us	batch_stddev_us	amortized_min_us	amortized_p50_us	amortized_stddev_us	status
4	8192	32768	multi-pass-split	2	4096	-	1	0	3	30	64	205.333	230.917	311.917	42.425	3233.833	3441.042	3465.958	68.023	48.0714	50.9544	1.7531	measured
4	8192	32768	multi-pass-split	4	2048	-	1	0	3	30	64	187.833	208.792	302.250	41.231	1851.041	2022.333	2071.958	63.616	26.4001	28.7864	1.6642	measured
4	8192	32768	multi-pass-split	8	1024	-	1	0	3	30	64	171.375	203.375	218.125	37.221	1566.250	1747.042	1802.500	69.510	22.1409	24.5027	1.6941	measured
4	8192	32768	multi-pass-split	16	512	-	1	0	3	30	64	164.708	200.708	211.416	29.404	1158.791	1475.792	1506.250	101.775	15.7791	20.2394	2.0822	measured
4	8192	32768	multi-pass-split	32	256	-	1	0	3	30	64	153.417	178.959	200.542	29.615	826.333	931.542	991.250	50.048	10.6812	11.9458	1.2645	measured
4	8192	32768	multi-pass-split	64	128	-	1	0	3	30	64	162.500	190.125	204.500	21.060	1151.375	1366.167	1443.958	80.690	15.6964	18.6673	1.6151	measured
4	8192	32768	multi-pass-split	128	64	governed	1	0	3	30	64	161.625	193.125	202.959	20.743	1096.833	1248.333	1285.625	60.833	14.8446	16.7493	1.2948	measured
4	8192	32768	multi-pass-split	256	32	-	1	0	3	30	64	150.500	181.875	189.583	11.828	786.083	897.375	974.583	48.753	10.0886	11.3571	0.9616	measured
4	8192	32768	multi-pass-split	512	16	-	1	0	3	30	64	160.833	193.125	202.125	14.163	1062.333	1231.542	1273.334	66.657	14.3095	16.4828	1.2829	measured
4	8192	32768	multi-pass-split	1024	8	-	1	0	3	30	64	174.667	196.958	207.166	10.841	1391.583	1616.834	1685.875	91.312	19.3161	22.5377	1.6215	measured
4	8192	32768	multi-pass-split	2048	4	-	1	0	3	30	64	166.916	202.959	212.875	9.905	1751.625	1981.250	2025.042	86.378	25.1541	28.2268	1.5283	measured
4	8192	32768	multi-pass-split	4096	2	-	1	0	3	30	64	195.458	223.875	236.542	10.842	3233.833	3421.000	3449.125	52.908	48.2282	50.7480	1.0119	measured
4	8192	32768	single-workgroup-tree	2	4096	-	2	16	2	30	64	196.791	220.084	236.250	22.706	3109.958	3284.083	3319.292	52.152	46.2407	48.6349	1.1882	measured
4	8192	32768	single-workgroup-tree	4	2048	-	4	16	2	30	64	182.625	201.250	212.833	15.255	1717.042	1895.583	1930.916	62.740	24.3558	26.8942	1.2380	measured
4	8192	32768	single-workgroup-tree	8	1024	-	8	32	2	30	64	173.250	196.291	207.541	13.019	1395.875	1584.542	1645.500	61.845	19.4067	22.0357	1.1883	measured
4	8192	32768	single-workgroup-tree	16	512	-	16	64	2	30	64	158.583	191.916	202.042	12.054	1030.625	1278.125	1366.000	106.925	13.8419	17.2414	1.8886	measured
4	8192	32768	single-workgroup-tree	32	256	-	32	128	2	30	64	142.667	181.250	198.500	16.068	689.291	808.875	858.167	50.355	8.6766	9.9623	1.0543	measured
4	8192	32768	single-workgroup-tree	64	128	-	64	256	2	30	64	161.208	192.125	202.458	13.035	1070.083	1312.500	1370.583	84.678	14.4266	17.7837	1.5510	measured
4	8192	32768	single-workgroup-tree	128	64	governed	128	512	2	30	64	153.666	186.542	201.417	14.517	854.834	906.542	981.792	43.459	11.1297	11.4286	0.9203	measured
4	8192	32768	single-workgroup-tree	256	32	-	256	1024	2	30	64	151.833	183.584	190.666	11.465	698.375	778.334	837.833	47.261	8.6753	9.4405	0.9322	measured
4	8192	32768	single-workgroup-tree	512	16	-	512	2048	2	30	64	154.792	188.125	195.042	11.060	816.792	873.375	947.125	44.020	10.5079	10.8770	0.8743	measured
4	8192	32768	single-workgroup-tree	1024	8	-	1024	4096	2	30	64	167.375	190.584	199.875	8.260	1008.875	1244.292	1383.500	100.754	13.3571	16.7255	1.7304	measured
4	8192	32768	single-workgroup-tree	2048	4	-	-	-	-	-	-	-	-	-	-	-	-	-	-	-	-	-	declined: the plan declares 2048 threads per workgroup and the prepared entry admits 1024
4	8192	32768	single-workgroup-tree	4096	2	-	-	-	-	-	-	-	-	-	-	-	-	-	-	-	-	-	declined: the plan declares 4096 threads per workgroup and the prepared entry admits 1024
64	8192	524288	multi-pass-split	2	4096	-	1	0	3	30	64	223.375	262.959	269.375	13.354	4884.125	5115.709	5173.959	113.853	73.9802	77.0278	2.0192	measured
64	8192	524288	multi-pass-split	4	2048	-	1	0	3	30	64	199.875	235.667	246.500	15.608	3269.250	3474.792	3550.834	98.869	48.7202	51.4147	1.8171	measured
64	8192	524288	multi-pass-split	8	1024	-	1	0	3	30	64	190.125	234.625	242.000	26.648	2856.625	3082.042	3161.458	108.516	42.3254	45.1971	2.1455	measured
64	8192	524288	multi-pass-split	16	512	-	1	0	3	30	64	185.542	222.209	237.875	15.578	2441.000	2661.709	2793.375	132.385	35.8009	38.7222	2.3486	measured
64	8192	524288	multi-pass-split	32	256	-	1	0	3	30	64	187.042	219.208	231.750	14.127	2141.459	2273.917	2365.959	76.120	31.0225	32.6144	1.4325	measured
64	8192	524288	multi-pass-split	64	128	-	1	0	3	30	64	191.042	227.000	240.250	34.118	2461.125	2730.667	2810.292	131.777	36.0331	39.7407	2.6333	measured
64	8192	524288	multi-pass-split	128	64	governed	1	0	3	30	64	176.250	217.958	231.125	28.189	2465.375	2708.084	2818.250	114.131	36.3353	39.5258	2.2591	measured
64	8192	524288	multi-pass-split	256	32	-	1	0	3	30	64	182.875	221.834	230.375	15.946	2193.125	2364.292	2399.792	71.194	31.9087	34.0073	1.3832	measured
64	8192	524288	multi-pass-split	512	16	-	1	0	3	30	64	187.541	223.917	229.875	31.032	2520.875	2850.709	2937.042	122.796	37.0370	41.6951	2.4417	measured
64	8192	524288	multi-pass-split	1024	8	-	1	0	3	30	64	192.583	228.375	239.042	13.084	3048.667	3282.833	3322.750	92.301	45.3347	48.4835	1.6728	measured
64	8192	524288	multi-pass-split	2048	4	-	1	0	3	30	64	199.584	242.750	247.709	21.163	3560.250	3773.167	3831.708	98.866	53.3439	56.0384	1.9052	measured
64	8192	524288	multi-pass-split	4096	2	-	1	0	3	30	64	232.333	268.667	285.584	42.725	5517.708	5729.750	5780.208	87.783	83.8948	86.6839	2.0716	measured
64	8192	524288	single-workgroup-tree	2	4096	-	2	16	2	30	64	217.083	250.292	261.458	15.812	4405.125	4652.417	4724.709	109.377	66.4769	69.8750	1.9871	measured
64	8192	524288	single-workgroup-tree	4	2048	-	4	16	2	30	64	186.208	235.042	243.875	30.396	3004.041	3231.750	3292.000	97.161	44.7275	47.5668	2.0247	measured
64	8192	524288	single-workgroup-tree	8	1024	-	8	32	2	30	64	196.667	227.833	233.709	12.722	2680.208	2945.500	2985.458	109.834	39.4213	43.1376	1.9453	measured
64	8192	524288	single-workgroup-tree	16	512	-	16	64	2	30	64	187.500	223.542	231.667	16.321	2340.625	2542.583	2610.333	102.096	34.1766	36.8102	1.8796	measured
64	8192	524288	single-workgroup-tree	32	256	-	32	128	2	30	64	171.917	218.292	228.083	15.981	2028.333	2189.500	2255.500	82.525	29.4669	31.2890	1.5636	measured
64	8192	524288	single-workgroup-tree	64	128	-	64	256	2	30	64	175.750	220.167	229.458	15.039	2418.916	2653.625	2698.708	107.346	35.6058	38.6263	1.9426	measured
64	8192	524288	single-workgroup-tree	128	64	governed	128	512	2	30	64	170.875	223.667	233.458	35.881	2170.875	2336.750	2373.500	72.279	31.7460	33.5410	1.7168	measured
64	8192	524288	single-workgroup-tree	256	32	-	256	1024	2	30	64	175.916	218.583	230.042	16.463	2025.958	2212.625	2251.292	77.309	29.3657	31.6515	1.4884	measured
64	8192	524288	single-workgroup-tree	512	16	-	512	2048	2	30	64	173.500	222.333	230.542	16.055	2136.209	2321.541	2368.167	78.924	31.1541	33.3208	1.5076	measured
64	8192	524288	single-workgroup-tree	1024	8	-	1024	4096	2	30	64	179.209	224.250	236.375	21.260	2348.709	2610.208	2678.667	121.694	34.4365	37.8723	2.2691	measured
64	8192	524288	single-workgroup-tree	2048	4	-	-	-	-	-	-	-	-	-	-	-	-	-	-	-	-	-	declined: the plan declares 2048 threads per workgroup and the prepared entry admits 1024
64	8192	524288	single-workgroup-tree	4096	2	-	-	-	-	-	-	-	-	-	-	-	-	-	-	-	-	-	declined: the plan declares 4096 threads per workgroup and the prepared entry admits 1024
256	16384	4194304	multi-pass-split	2	8192	-	1	0	3	30	64	1042.208	1081.125	1141.584	29.961	56633.250	56787.875	56860.208	134.025	882.3975	884.2341	2.6030	measured
256	16384	4194304	multi-pass-split	4	4096	-	1	0	3	30	64	417.416	448.542	477.084	22.288	16309.083	16532.250	16586.250	115.949	252.2487	255.2970	2.1942	measured
256	16384	4194304	multi-pass-split	8	2048	-	1	0	3	30	64	363.583	402.375	471.334	41.126	13778.959	14035.542	14090.625	101.310	212.9425	216.3995	2.2609	measured
256	16384	4194304	multi-pass-split	16	1024	-	1	0	3	30	64	356.625	393.292	418.584	20.313	13315.208	13558.458	13631.792	104.799	205.6918	208.9709	1.9859	measured
256	16384	4194304	multi-pass-split	32	512	-	1	0	3	30	64	352.708	385.834	395.042	13.279	13176.500	13379.875	13449.833	91.699	203.5523	206.2546	1.6663	measured
256	16384	4194304	multi-pass-split	64	256	-	1	0	3	30	64	341.417	388.584	400.792	31.185	13123.625	13317.583	13404.250	91.093	202.8922	205.2222	1.9409	measured
256	16384	4194304	multi-pass-split	128	128	governed	1	0	3	30	64	359.750	400.834	408.125	16.343	13871.333	14038.083	14116.625	83.746	214.4696	216.4643	1.5887	measured
256	16384	4194304	multi-pass-split	256	64	-	1	0	3	30	64	350.000	385.958	401.667	28.183	13196.792	13404.666	13453.667	77.374	203.9173	206.6462	1.6755	measured
256	16384	4194304	multi-pass-split	512	32	-	1	0	3	30	64	362.709	398.791	437.792	36.983	14003.334	14223.625	14310.417	94.091	216.5179	219.4418	2.0805	measured
256	16384	4194304	multi-pass-split	1024	16	-	1	0	3	30	64	366.208	404.792	411.083	28.692	14021.500	14242.417	14323.916	108.633	216.7507	219.6448	2.1798	measured
256	16384	4194304	multi-pass-split	2048	8	-	1	0	3	30	64	374.333	412.583	502.166	46.274	14640.167	14825.250	14894.459	97.268	226.4418	228.7725	2.2784	measured
256	16384	4194304	multi-pass-split	4096	4	-	1	0	3	30	64	416.000	455.375	476.042	26.819	17509.166	17681.375	17737.375	76.744	271.3201	273.4286	1.6439	measured
256	16384	4194304	multi-pass-split	8192	2	-	1	0	3	30	64	1098.000	1151.041	1211.750	38.246	60148.417	60276.375	60383.375	72.771	937.3082	938.4974	1.7622	measured
256	16384	4194304	single-workgroup-tree	2	8192	-	2	16	2	30	64	962.417	1026.917	1090.792	39.446	51788.042	51911.750	51967.625	59.018	806.7560	807.6958	1.5629	measured
256	16384	4194304	single-workgroup-tree	4	4096	-	4	16	2	30	64	412.667	441.166	470.416	25.768	15655.583	15763.959	15820.500	67.541	241.9510	243.2189	1.4811	measured
256	16384	4194304	single-workgroup-tree	8	2048	-	8	32	2	30	64	366.625	391.458	404.167	31.356	13490.167	13637.750	13691.083	60.291	208.3102	210.2586	1.4547	measured
256	16384	4194304	single-workgroup-tree	16	1024	-	16	64	2	30	64	353.375	384.667	396.292	20.284	13146.917	13301.875	13399.958	78.284	203.0721	205.0350	1.5646	measured
256	16384	4194304	single-workgroup-tree	32	512	-	32	128	2	30	64	352.583	389.833	401.750	17.385	13063.458	13235.792	13274.167	65.824	201.7599	203.9041	1.3208	measured
256	16384	4194304	single-workgroup-tree	64	256	-	64	256	2	30	64	359.250	390.041	393.791	8.668	13010.750	13203.000	13244.959	66.140	200.8175	203.3803	1.1874	measured
256	16384	4194304	single-workgroup-tree	128	128	governed	128	512	2	30	64	356.959	397.000	405.083	12.819	13601.708	13724.208	13784.875	66.421	210.2341	211.5430	1.2578	measured
256	16384	4194304	single-workgroup-tree	256	64	-	256	1024	2	30	64	353.375	386.792	397.166	36.998	13125.709	13278.833	13315.958	68.480	202.7355	204.6356	1.6742	measured
256	16384	4194304	single-workgroup-tree	512	32	-	512	2048	2	30	64	365.083	400.458	418.042	29.637	14283.416	14517.458	14624.958	96.147	220.9259	224.0794	1.9966	measured
256	16384	4194304	single-workgroup-tree	1024	16	-	1024	4096	2	30	64	369.042	397.542	404.833	30.147	13496.375	13674.834	13741.167	78.098	208.3704	210.7507	1.7182	measured
256	16384	4194304	single-workgroup-tree	2048	8	-	-	-	-	-	-	-	-	-	-	-	-	-	-	-	-	-	declined: the plan declares 2048 threads per workgroup and the prepared entry admits 1024
256	16384	4194304	single-workgroup-tree	4096	4	-	-	-	-	-	-	-	-	-	-	-	-	-	-	-	-	-	declined: the plan declares 4096 threads per workgroup and the prepared entry admits 1024
256	16384	4194304	single-workgroup-tree	8192	2	-	-	-	-	-	-	-	-	-	-	-	-	-	-	-	-	-	declined: the canonical tree tile is unrepresentable
1024	4096	4194304	multi-pass-split	2	2048	-	1	0	3	30	64	360.500	401.250	408.291	24.219	13849.417	14133.500	14156.791	99.079	214.1098	217.9722	1.9571	measured
1024	4096	4194304	multi-pass-split	4	1024	-	1	0	3	30	64	360.209	395.458	410.542	22.262	13365.875	13579.750	13670.250	99.757	206.4391	209.2745	1.9368	measured
1024	4096	4194304	multi-pass-split	8	512	-	1	0	3	30	64	352.084	387.042	396.209	22.898	13079.916	13273.792	13363.709	88.006	202.0291	204.5516	1.7604	measured
1024	4096	4194304	multi-pass-split	16	256	-	1	0	3	30	64	351.458	388.625	399.709	14.210	13037.208	13293.584	13387.417	106.185	201.3611	204.8406	1.9110	measured
1024	4096	4194304	multi-pass-split	32	128	-	1	0	3	30	64	358.334	395.875	404.292	14.525	13402.750	13550.709	13675.125	98.441	207.0542	208.8069	1.7931	measured
1024	4096	4194304	multi-pass-split	64	64	governed	1	0	3	30	64	352.625	386.875	397.958	32.808	13019.916	13254.500	13343.625	101.545	201.0681	204.2480	2.1326	measured
1024	4096	4194304	multi-pass-split	128	32	-	1	0	3	30	64	367.334	401.583	412.917	31.271	13917.084	14072.292	14266.958	126.691	215.0754	216.9954	2.5073	measured
1024	4096	4194304	multi-pass-split	256	16	-	1	0	3	30	64	356.667	386.417	422.417	21.993	13136.417	13325.958	13404.166	87.949	202.8532	205.3895	1.7451	measured
1024	4096	4194304	multi-pass-split	512	8	-	1	0	3	30	64	365.750	401.375	411.625	31.556	13811.833	14036.333	14097.875	95.214	213.4299	216.4279	2.0122	measured
1024	4096	4194304	multi-pass-split	1024	4	-	1	0	3	30	64	384.584	422.625	429.750	18.531	15075.083	15285.083	15355.500	82.691	233.1825	235.9120	1.6067	measured
1024	4096	4194304	multi-pass-split	2048	2	-	1	0	3	30	64	451.583	477.167	524.333	44.303	18454.375	18685.292	18737.209	103.430	285.7586	289.0179	2.3450	measured
1024	4096	4194304	single-workgroup-tree	2	2048	-	2	16	2	30	64	381.584	415.875	458.667	40.850	15146.375	15276.500	15341.458	69.849	234.3618	235.8829	1.7571	measured
1024	4096	4194304	single-workgroup-tree	4	1024	-	4	16	2	30	64	340.542	392.292	404.209	18.755	13643.583	13813.083	13876.750	73.958	211.1594	213.0284	1.4716	measured
1024	4096	4194304	single-workgroup-tree	8	512	-	8	32	2	30	64	359.084	382.292	394.708	13.051	13019.041	13200.958	13244.500	74.570	200.9517	203.4709	1.3908	measured
1024	4096	4194304	single-workgroup-tree	16	256	-	16	64	2	30	64	352.583	382.667	395.125	22.396	13005.042	13171.542	13245.709	80.502	200.8327	202.9980	1.6333	measured
1024	4096	4194304	single-workgroup-tree	32	128	-	32	128	2	30	64	352.459	395.000	400.791	25.300	13288.583	13466.959	13538.792	80.319	205.3353	207.4914	1.6765	measured
1024	4096	4194304	single-workgroup-tree	64	64	governed	64	256	2	30	64	347.000	384.209	395.833	15.891	12929.542	13115.375	13165.208	81.122	199.7229	202.0820	1.5399	measured
1024	4096	4194304	single-workgroup-tree	128	32	-	128	512	2	30	64	356.791	403.042	413.792	30.092	13733.209	13931.291	13972.875	75.612	212.3241	214.7341	1.6778	measured
1024	4096	4194304	single-workgroup-tree	256	16	-	256	1024	2	30	64	346.709	390.583	404.584	21.659	13009.916	13192.791	13261.042	81.929	201.0033	203.2097	1.6443	measured
1024	4096	4194304	single-workgroup-tree	512	8	-	512	2048	2	30	64	353.542	388.708	403.042	20.593	13292.041	13472.292	13509.000	74.276	205.3730	207.6759	1.5059	measured
1024	4096	4194304	single-workgroup-tree	1024	4	-	1024	4096	2	30	64	356.333	400.416	405.292	25.094	13591.542	13812.500	13853.125	80.653	210.0827	212.8902	1.6785	measured
1024	4096	4194304	single-workgroup-tree	2048	2	-	-	-	-	-	-	-	-	-	-	-	-	-	-	-	-	-	declined: the plan declares 2048 threads per workgroup and the prepared entry admits 1024
4096	2048	8388608	multi-pass-split	2	1024	-	1	0	3	30	64	577.000	661.834	721.041	49.524	27177.416	27386.916	27432.833	80.751	422.2288	424.2077	2.0679	measured
4096	2048	8388608	multi-pass-split	4	512	-	1	0	3	30	64	574.750	648.375	714.708	48.153	27227.375	27392.125	27442.833	73.037	423.0575	424.5040	1.9236	measured
4096	2048	8388608	multi-pass-split	8	256	-	1	0	3	30	64	586.458	680.125	725.666	51.457	27656.792	27835.875	27889.292	67.892	429.6878	431.0437	1.8944	measured
4096	2048	8388608	multi-pass-split	16	128	-	1	0	3	30	64	579.333	653.083	728.042	50.700	27510.334	27703.083	27756.375	84.328	427.4762	429.3651	2.1433	measured
4096	2048	8388608	multi-pass-split	32	64	-	1	0	3	30	64	584.959	680.083	737.875	60.768	28166.208	28340.875	28407.166	62.054	437.7976	439.0602	1.9496	measured
4096	2048	8388608	multi-pass-split	64	32	governed	1	0	3	30	64	618.834	668.708	742.917	46.821	28626.916	28835.917	28913.750	102.479	444.5727	447.0986	2.3698	measured
4096	2048	8388608	multi-pass-split	128	16	-	1	0	3	30	64	607.333	662.000	723.834	39.707	28103.750	28305.959	28360.500	71.874	436.4511	438.7930	1.7711	measured
4096	2048	8388608	multi-pass-split	256	8	-	1	0	3	30	64	599.167	664.792	724.042	44.038	27881.292	28022.750	28173.125	98.804	433.0496	434.2533	2.2673	measured
4096	2048	8388608	multi-pass-split	512	4	-	1	0	3	30	64	607.875	697.875	749.667	47.183	29015.709	29220.250	29291.250	84.826	450.9180	452.7361	2.0954	measured
4096	2048	8388608	multi-pass-split	1024	2	-	1	0	3	30	64	716.458	785.542	857.500	58.350	35818.875	35991.417	36115.084	93.234	557.1812	558.8234	2.4061	measured
4096	2048	8388608	single-workgroup-tree	2	1024	-	2	16	2	30	64	629.542	687.000	745.667	41.777	30181.542	30365.125	30390.625	55.045	469.0794	471.0813	1.5369	measured
4096	2048	8388608	single-workgroup-tree	4	512	-	4	16	2	30	64	599.667	665.833	727.792	45.664	28464.125	28589.709	28672.292	62.690	442.2930	443.2361	1.7199	measured
4096	2048	8388608	single-workgroup-tree	8	256	-	8	32	2	30	64	590.333	672.750	724.875	45.291	27922.625	28066.000	28142.167	76.872	433.8459	434.8135	1.9391	measured
4096	2048	8388608	single-workgroup-tree	16	128	-	16	64	2	30	64	565.500	679.500	743.167	51.510	28209.125	28394.666	28425.917	64.330	438.7877	439.9233	1.8387	measured
4096	2048	8388608	single-workgroup-tree	32	64	-	32	128	2	30	64	611.416	680.084	734.667	41.365	28069.917	28247.875	28299.583	67.737	435.8492	437.5840	1.7318	measured
4096	2048	8388608	single-workgroup-tree	64	32	governed	64	256	2	30	64	602.833	679.083	744.667	51.694	28484.959	28652.334	28708.500	71.435	442.5734	444.0199	1.9544	measured
4096	2048	8388608	single-workgroup-tree	128	16	-	128	512	2	30	64	581.000	702.250	743.125	48.111	28266.875	28416.042	28508.958	74.791	439.4583	439.9015	1.9508	measured
4096	2048	8388608	single-workgroup-tree	256	8	-	256	1024	2	30	64	598.292	675.500	726.834	45.687	27545.375	27613.375	27685.042	56.104	427.7315	427.5853	1.6157	measured
4096	2048	8388608	single-workgroup-tree	512	4	-	512	2048	2	30	64	594.750	655.291	718.084	44.086	27828.625	27980.583	28058.917	64.640	432.2837	433.7348	1.7258	measured
4096	2048	8388608	single-workgroup-tree	1024	2	-	1024	4096	2	30	64	604.084	667.875	745.166	47.233	29148.250	29256.750	29295.209	60.989	453.0820	453.7917	1.7178	measured
16384	32	524288	multi-pass-split	2	16	-	1	0	3	30	64	175.416	184.542	192.625	8.092	1890.084	2047.125	2123.625	96.459	27.2170	29.5648	1.6595	measured
16384	32	524288	multi-pass-split	4	8	-	1	0	3	30	64	175.500	185.625	195.625	24.949	1986.792	2140.750	2245.667	94.436	28.7507	31.0337	1.8950	measured
16384	32	524288	multi-pass-split	8	4	governed	1	0	3	30	64	179.291	189.916	200.250	8.173	2136.375	2304.833	2372.250	87.544	31.0648	33.5701	1.5193	measured
16384	32	524288	multi-pass-split	16	2	-	1	0	3	30	64	186.583	195.208	205.833	32.211	2460.416	2698.166	2782.666	132.767	36.0926	39.7295	2.6187	measured
16384	32	524288	single-workgroup-tree	2	16	-	2	16	2	30	64	198.417	204.833	209.458	3.763	3269.834	3484.833	3523.583	101.957	48.7527	52.0635	1.6781	measured
16384	32	524288	single-workgroup-tree	4	8	-	4	16	2	30	64	195.875	203.416	212.875	32.061	3299.750	3457.667	3545.542	97.009	49.2679	51.6548	2.0487	measured
16384	32	524288	single-workgroup-tree	8	4	governed	8	32	2	30	64	196.125	207.917	216.375	29.050	3301.000	3492.375	3554.083	98.312	49.2837	52.1343	2.0216	measured
16384	32	524288	single-workgroup-tree	16	2	-	16	64	2	30	64	194.500	207.125	212.625	18.716	3271.084	3412.750	3530.042	103.531	48.8347	50.8829	1.9404	measured
65536	16	1048576	multi-pass-split	2	8	-	1	0	3	30	64	217.333	255.584	264.875	26.859	3757.334	3916.416	3966.250	74.305	56.1905	58.1084	1.6058	measured
65536	16	1048576	multi-pass-split	4	4	governed	1	0	3	30	64	228.458	261.625	269.458	23.505	4057.167	4306.209	4345.542	100.311	60.7732	64.1997	1.9653	measured
65536	16	1048576	multi-pass-split	8	2	-	1	0	3	30	64	245.208	269.333	279.375	19.875	4833.375	5051.333	5108.000	73.103	72.8280	75.9048	1.4758	measured
65536	16	1048576	single-workgroup-tree	2	8	-	2	16	2	30	64	319.458	344.584	354.834	25.223	9414.083	9596.958	9636.209	72.594	144.3591	146.8631	1.5526	measured
65536	16	1048576	single-workgroup-tree	4	4	governed	4	16	2	30	64	314.584	345.667	355.083	10.872	9441.875	9616.209	9661.250	71.510	144.8776	147.1515	1.3077	measured
65536	16	1048576	single-workgroup-tree	8	2	-	8	32	2	30	64	305.209	348.708	359.000	22.131	9439.958	9604.334	9664.750	72.439	144.9960	146.9147	1.5011	measured

# shapes	7
# variants_attempted	130
# variants_measured	122
# variants_declined	8
# load_after	2.68 3.03 3.67
