layer	position	rank	lane	value_hex	value
0	0	0	35	0x40e6f758	7.217693328857422
0	0	1	277	0x40487c44	3.132584571838379
0	0	2	7	0xc042b54b	-3.0423152446746826
0	0	3	285	0xbfbb5190	-1.4634265899658203
0	1	0	277	0x4030da22	2.7633137702941895
0	1	1	157	0xbfc2f96b	-1.523236632347107
0	1	2	181	0x3fbd4684	1.4787144660949707
0	1	3	305	0x3fbba22f	1.4658869504928589
0	2	0	265	0x401466c4	2.318772315979004
0	2	1	277	0x4008db16	2.1383719444274902
0	2	2	186	0xbfe2c04e	-1.771493673324585
0	2	3	193	0xbfd53e95	-1.665972352027893
0	3	0	277	0x40086e74	2.131741523742676
0	3	1	164	0xbfcd57b0	-1.604238510131836
0	3	2	132	0xbfccaa50	-1.598947525024414
0	3	3	127	0xbfc6378c	-1.548570156097412
0	4	0	277	0x401ed158	2.481527328491211
0	4	1	35	0x400ac748	2.1684131622314453
0	4	2	122	0xbff596b5	-1.9186617136001587
0	4	3	236	0xbff1f95c	-1.8904223442077637
0	5	0	277	0x40227922	2.5386433601379395
0	5	1	35	0x401b195f	2.4234235286712646
0	5	2	0	0xbfbdd3b8	-1.4830236434936523
0	5	3	207	0xbf99ca5a	-1.2014877796173096
0	6	0	35	0x40a479ce	5.13986873626709
0	6	1	277	0x40507df3	3.2576873302459717
0	6	2	7	0xc01c7c7d	-2.4450981616973877
0	6	3	9	0xbfe83c52	-1.8143408298492432
0	7	0	277	0x40171501	2.360656976699829
0	7	1	161	0x400500f6	2.078183650970459
0	7	2	153	0x3fbe59f8	1.4871206283569336
0	7	3	241	0x3fac1af2	1.3445723056793213
0	8	0	277	0x401b9fdf	2.4316327571868896
0	8	1	35	0x3ff9a410	1.9503192901611328
0	8	2	148	0x3fe9e4a5	1.8272901773452759
0	8	3	146	0x3fe295e1	1.770198941230774
0	9	0	35	0x40a69a24	5.206315994262695
0	9	1	16	0xc0079d8c	-2.118990898132324
0	9	2	277	0x3febb654	1.8415017127990723
0	9	3	96	0x3fdb0029	1.7109423875808716
0	10	0	35	0x409cc79c	4.89936637878418
0	10	1	277	0x403d95c2	2.9622654914855957
0	10	2	7	0xc024fb4d	-2.577838182449341
0	10	3	96	0x3fab00ca	1.3359615802764893
0	11	0	277	0x40305cf0	2.7556724548339844
0	11	1	157	0xbfc2cce4	-1.5218777656555176
0	11	2	181	0x3fbe11b4	1.4849152565002441
0	11	3	305	0x3fbb1932	1.4617063999176025
0	12	0	265	0x401604b4	2.3440370559692383
0	12	1	277	0x400622b4	2.0958681106567383
0	12	2	186	0xbfe1415c	-1.7598071098327637
0	12	3	193	0xbfd86a63	-1.6907466650009155
0	13	0	277	0x400c26a6	2.189858913421631
0	13	1	132	0xbfd153a6	-1.6353652477264404
0	13	2	127	0xbfc8483c	-1.564704418182373
0	13	3	164	0xbfc6efc7	-1.5541924238204956
0	14	0	277	0x4022c79e	2.543433666229248
0	14	1	35	0x400945a0	2.1448745727539062
0	14	2	122	0xbff2be91	-1.8964406251907349
0	14	3	236	0xbfedfb64	-1.85923433303833
0	15	0	277	0x40226267	2.5372560024261475
0	15	1	35	0x40150d44	2.328934669494629
0	15	2	0	0xbfc2564e	-1.518258810043335
0	15	3	207	0xbf963b92	-1.1736929416656494
0	16	0	35	0x40911c2e	4.534689903259277
0	16	1	277	0x4048fca2	3.1404194831848145
0	16	2	7	0xc0153e38	-2.3319225311279297
0	16	3	9	0xbfe22f0b	-1.76706063747406
0	17	0	277	0x4018999c	2.38437557220459
0	17	1	161	0x40039b3e	2.0563502311706543
0	17	2	153	0x3fbe3a5e	1.4861562252044678
0	17	3	241	0x3faf9cee	1.371976613998413
1	0	0	35	0x4107eeeb	8.495829582214355
1	0	1	7	0xc095be8a	-4.679509162902832
1	0	2	27	0xc0874fd2	-4.228493690490723
1	0	3	277	0x40802d17	4.005504131317139
1	1	0	277	0x40898472	4.297417640686035
1	1	1	35	0x40656882	3.584503650665283
1	1	2	157	0xc0056c51	-2.0847361087799072
1	1	3	181	0x3fff25e4	1.9933438301086426
1	2	0	277	0x40506fdb	3.2568271160125732
1	2	1	35	0x404d8832	3.211437702178955
1	2	2	265	0x40327662	2.788475513458252
1	2	3	186	0xc006b3f5	-2.10473370552063
1	3	0	35	0x406d5967	3.7085816860198975
1	3	1	277	0x404266ee	3.037532329559326
1	3	2	132	0xbff27072	-1.8940565586090088
1	3	3	127	0xbfee99ea	-1.8640720844268799
1	4	0	35	0x4086436e	4.195731163024902
1	4	1	277	0x406aae02	3.666870594024658
1	4	2	122	0xc01e1374	-2.469937324523926
1	4	3	236	0xc00a2ba7	-2.15891432762146
1	5	0	35	0x4084a99a	4.145703315734863
1	5	1	277	0x40707872	3.7573513984680176
1	5	2	0	0xbff9cbb5	-1.9515291452407837
1	5	3	147	0x3fcb3be2	1.5877649784088135
1	6	0	35	0x40fbfe22	7.874772071838379
1	6	1	277	0x40920fa9	4.564411640167236
1	6	2	7	0xc04346c1	-3.0511934757232666
1	6	3	9	0xc025207c	-2.5801076889038086
1	7	0	277	0x40832bf4	4.099115371704102
1	7	1	35	0x4051d6f2	3.2787442207336426
1	7	2	161	0x402279ee	2.538691997528076
1	7	3	241	0x3fc980c6	1.574242353439331
1	8	0	35	0x409106f6	4.532099723815918
1	8	1	277	0x40652b3c	3.580763816833496
1	8	2	148	0x400f654a	2.2405571937561035
1	8	3	146	0x40088828	2.133310317993164
1	9	0	35	0x40fba948	7.864414215087891
1	9	1	16	0xc039a22b	-2.9005229473114014
1	9	2	277	0x402a36b3	2.659588575363159
1	9	3	96	0x3fd3e1bc	1.6553263664245605
1	10	0	35	0x40e058f9	7.010860919952393
1	10	1	277	0x4080275a	4.004803657531738
1	10	2	7	0xc04fb6ae	-3.2455248832702637
1	10	3	9	0xbfceea10	-1.6165180206298828
1	11	0	277	0x4086d492	4.213448524475098
1	11	1	35	0x404b4d06	3.1765761375427246
1	11	2	157	0xc0044794	-2.066868782043457
1	11	3	181	0x4000929c	2.00894832611084
1	12	0	277	0x4047e4ee	3.123347759246826
1	12	1	35	0x4033d238	2.8097057342529297
1	12	2	265	0x40323714	2.784611701965332
1	12	3	193	0xc008124e	-2.12611722946167
1	13	0	35	0x40664f8f	3.5986058712005615
1	13	1	277	0x40414809	3.020021677017212
1	13	2	132	0xbff535d3	-1.9157050848007202
1	13	3	164	0xbfe81715	-1.8132044076919556
1	14	0	35	0x407e9ea4	3.9784326553344727
1	14	1	277	0x40664dc4	3.598496437072754
1	14	2	122	0xc0202a43	-2.5025794506073
1	14	3	236	0xc005f76b	-2.093226194381714
1	15	0	35	0x407c01d8	3.937612533569336
1	15	1	277	0x4068e1bc	3.638777732849121
1	15	2	0	0xc002300d	-2.0341827869415283
1	15	3	147	0x3fc26598	1.5187253952026367
1	16	0	35	0x40e200bc	7.062589645385742
1	16	1	277	0x408e0b69	4.438892841339111
1	16	2	7	0xc03f2f78	-2.987272262573242
1	16	3	9	0xc026bea0	-2.6053848266601562
1	17	0	277	0x4080ec0d	4.028814792633057
1	17	1	35	0x4050b733	3.261181592941284
1	17	2	161	0x401f0cbd	2.48515248298645
1	17	3	241	0x3fcf510d	1.6196609735488892
2	0	0	35	0x45c8f802	6431.0009765625
2	0	1	13	0x441d783b	629.8786010742188
2	0	2	1	0x43b6fbf0	365.96826171875
2	0	3	277	0xc31814e7	-152.08164978027344
2	1	0	35	0x409b38ec	4.850698471069336
2	1	1	277	0x40916a7d	4.544249057769775
2	1	2	171	0xc01ace84	-2.4188547134399414
2	1	3	181	0x40162c86	2.3464674949645996
2	2	0	35	0x4088e080	4.27740478515625
2	2	1	277	0x405871a2	3.3819355964660645
2	2	2	265	0x404fb324	3.2453088760375977
2	2	3	186	0xc030fcfe	-2.765441417694092
2	3	0	35	0x40691081	3.641632318496704
2	3	1	277	0x40322ebb	2.784102201461792
2	3	2	132	0xc011230f	-2.2677648067474365
2	3	3	144	0x400c35ac	2.1907758712768555
2	4	0	35	0x40ad7b0c	5.421270370483398
2	4	1	277	0x407b49ef	3.9263875484466553
2	4	2	122	0xc04b31ef	-3.1749227046966553
2	4	3	236	0xc028b2a8	-2.635904312133789
2	5	0	35	0x40899b58	4.300212860107422
2	5	1	277	0x408961bb	4.293179988861084
2	5	2	0	0xc01a3238	-2.4093151092529297
2	5	3	147	0x4000d246	2.012834072113037
2	6	0	35	0x40caade6	6.333727836608887
2	6	1	277	0x4092ae41	4.583771228790283
2	6	2	7	0xc049a407	-3.1506364345550537
2	6	3	9	0xc03b859c	-2.93002986907959
2	7	0	35	0x409d238b	4.91058874130249
2	7	1	277	0x408bf5a2	4.373734474182129
2	7	2	161	0x4038c379	2.8869307041168213
2	7	3	241	0x3fec3e93	1.845659613609314
2	8	0	35	0x40b86c74	5.763238906860352
2	8	1	277	0x40735d19	3.8025572299957275
2	8	2	148	0x40219496	2.5246939659118652
2	8	3	146	0x40212142	2.5176548957824707
2	9	0	35	0x40c56cba	6.169522285461426
2	9	1	16	0xc05bad85	-3.4324657917022705
2	9	2	277	0x401c4d77	2.442228078842163
2	9	3	96	0x3fe429c1	1.7825242280960083
2	10	0	35	0x40ba2710	5.817268371582031
2	10	1	277	0x408067ea	4.0126848220825195
2	10	2	7	0xc06b219f	-3.673927068710327
2	10	3	16	0xc006da5a	-2.107077121734619
2	11	0	35	0x408b7c31	4.358910083770752
2	11	1	277	0x4088f461	4.279831409454346
2	11	2	181	0x40176a3e	2.3658595085144043
2	11	3	171	0xc00d7326	-2.210153102874756
2	12	0	35	0x40794c50	3.895282745361328
2	12	1	277	0x4058a154	3.3848466873168945
2	12	2	265	0x4054ccd3	3.3250014781951904
2	12	3	193	0xc02c2edd	-2.6903603076934814
2	13	0	35	0x408525f9	4.160885334014893
2	13	1	277	0x403e5905	2.9741833209991455
2	13	2	132	0xc0148ed0	-2.321216583251953
2	13	3	164	0xc009bb56	-2.1520590782165527
2	14	0	35	0x40b5afb5	5.677698612213135
2	14	1	277	0x4080073f	4.000884532928467
2	14	2	122	0xc04ea314	-3.228703498840332
2	14	3	236	0xc02055aa	-2.5052285194396973
2	15	0	35	0x408ca287	4.394839763641357
2	15	1	277	0x4085b718	4.178600311279297
2	15	2	0	0xc0232b53	-2.5495193004608154
2	15	3	147	0x3ff6f14b	1.9292386770248413
2	16	0	35	0x40cb8071	6.359428882598877
2	16	1	277	0x408ee9ae	4.466025352478027
2	16	2	7	0xc0496248	-3.1466236114501953
2	16	3	9	0xc041c973	-3.0279204845428467
2	17	0	35	0x40a840fb	5.257932186126709
2	17	1	277	0x408a704e	4.32620906829834
2	17	2	161	0x4033a997	2.8072259426116943
2	17	3	12	0x4001de1d	2.029181718826294
3	0	0	35	0x45c8f293	6430.32177734375
3	0	1	13	0x441d7f18	629.98583984375
3	0	2	1	0x43b6f455	365.9088439941406
3	0	3	277	0xc3184c6a	-152.29849243164062
3	1	0	35	0x40eae554	7.340494155883789
3	1	1	277	0x40aad6d0	5.338722229003906
3	1	2	157	0xc02e20da	-2.720755100250244
3	1	3	171	0xc028b7de	-2.6362223625183105
3	2	0	35	0x40a6d9ca	5.214085578918457
3	2	1	277	0x40763640	3.8470611572265625
3	2	2	265	0x40703563	3.753258466720581
3	2	3	186	0xc02f75dc	-2.7415685653686523
3	3	0	35	0x40ade6ae	5.434409141540527
3	3	1	277	0x4056ad02	3.354309558868408
3	3	2	164	0xc0317784	-2.7729196548461914
3	3	3	132	0xc01e5616	-2.4740042686462402
3	4	0	35	0x40e53378	7.162532806396484
3	4	1	277	0x409a676e	4.825125694274902
3	4	2	122	0xc050c7ff	-3.262206792831421
3	4	3	236	0xc026ae44	-2.604386329650879
3	5	0	35	0x40917767	4.545825481414795
3	5	1	277	0x408ed3d3	4.463357448577881
3	5	2	0	0xc01f84c1	-2.4924776554107666
3	5	3	147	0x40137740	2.3041534423828125
3	6	0	35	0x410ef56f	8.934920310974121
3	6	1	277	0x40bb41dc	5.851789474487305
3	6	2	7	0xc06cedc6	-3.702012538909912
3	6	3	9	0xc05dd00e	-3.4658236503601074
3	7	0	35	0x40eaff00	7.3436279296875
3	7	1	277	0x409bb02d	4.865255832672119
3	7	2	161	0x403d8d5a	2.961752414703369
3	7	3	23	0xc01ec18c	-2.480563163757324
3	8	0	35	0x40f3b067	7.615283489227295
3	8	1	277	0x408d0d5a	4.407879829406738
3	8	2	148	0x4031c7d8	2.777822494506836
3	8	3	146	0x40263bf0	2.5974082946777344
3	9	0	35	0x410bb31c	8.73122787475586
3	9	1	16	0xc0744526	-3.816720485687256
3	9	2	277	0x4049233a	3.142775058746338
3	9	3	7	0xc02142a1	-2.5196917057037354
3	10	0	35	0x4111bdcc	9.108837127685547
3	10	1	277	0x409dcffb	4.931638240814209
3	10	2	7	0xc09a6b57	-4.825603008270264
3	10	3	16	0xc01aef7a	-2.4208664894104004
3	11	0	35	0x40c995f3	6.299554347991943
3	11	1	277	0x40931764	4.59660530090332
3	11	2	181	0x4024d6a2	2.5756001472473145
3	11	3	157	0xc01cd3f5	-2.45043683052063
3	12	0	35	0x40930733	4.594628810882568
3	12	1	265	0x406a8c52	3.6648144721984863
3	12	2	277	0x4062b071	3.5420191287994385
3	12	3	193	0xc0350ead	-2.8290207386016846
3	13	0	35	0x40ba6d92	5.825875282287598
3	13	1	277	0x40610652	3.5160107612609863
3	13	2	164	0xc02ffb5a	-2.749716281890869
3	13	3	132	0xc021539e	-2.520728588104248
3	14	0	35	0x40f47812	7.639657020568848
3	14	1	277	0x409c43a7	4.88325834274292
3	14	2	122	0xc0595da2	-3.3963398933410645
3	14	3	156	0xc02d8262	-2.711082935333252
3	15	0	35	0x409e8c95	4.954660892486572
3	15	1	277	0x4087f152	4.248208045959473
3	15	2	0	0xc02f078d	-2.7348358631134033
3	15	3	147	0x40121f4f	2.283160924911499
3	16	0	35	0x4111421f	9.078642845153809
3	16	1	277	0x40b33b40	5.600982666015625
3	16	2	7	0xc076ce27	-3.856332540512085
3	16	3	9	0xc06641eb	-3.597773313522339
3	17	0	35	0x40e843e8	7.258289337158203
3	17	1	277	0x4098468e	4.758612632751465
3	17	2	161	0x403495ec	2.821650505065918
3	17	3	23	0xc021ee35	-2.5301640033721924
4	0	0	35	0x45c8eeeb	6429.86474609375
4	0	1	13	0x441d8183	630.0236206054688
4	0	2	1	0x43b6eab5	365.8336486816406
4	0	3	277	0xc318a2f1	-152.63648986816406
4	1	0	35	0x40d24fd3	6.572244167327881
4	1	1	277	0x40af327c	5.474912643432617
4	1	2	157	0xc06af6c4	-3.671311378479004
4	1	3	171	0xc0367e4b	-2.8514583110809326
4	2	0	35	0x40c0acb8	6.021083831787109
4	2	1	277	0x408c4bf6	4.384272575378418
4	2	2	265	0x40811f84	4.035097122192383
4	2	3	12	0x40509dfe	3.259643077850342
4	3	0	35	0x40d3478b	6.60248327255249
4	3	1	277	0x40768574	3.851895332336426
4	3	2	23	0xc041763e	-3.0228419303894043
4	3	3	132	0xc03964d2	-2.8967785835266113
4	4	0	35	0x40f0ab26	7.520892143249512
4	4	1	277	0x40989b1c	4.76893424987793
4	4	2	122	0xc05dcc8a	-3.465609073638916
4	4	3	23	0xc026d28a	-2.606600284576416
4	5	0	35	0x40a05e59	5.01151704788208
4	5	1	277	0x409f7ecf	4.984229564666748
4	5	2	0	0xc04f4a76	-3.238919734954834
4	5	3	147	0x40097c54	2.1482133865356445
4	6	0	35	0x4108a834	8.541065216064453
4	6	1	277	0x40beeb63	5.966233730316162
4	6	2	7	0xc07c36f4	-3.940854072570801
4	6	3	9	0xc07c26cd	-3.939868211746216
4	7	0	35	0x4107a011	8.476578712463379
4	7	1	277	0x40af927a	5.486630439758301
4	7	2	161	0x404fde08	3.247926712036133
4	7	3	23	0xc0462834	-3.0962038040161133
4	8	0	35	0x41062208	8.383308410644531
4	8	1	277	0x409d9289	4.924137592315674
4	8	2	23	0xc03a3477	-2.909452199935913
4	8	3	12	0x4035d0c0	2.8408660888671875
4	9	0	35	0x41283518	10.512962341308594
4	9	1	16	0xc08710e5	-4.2208123207092285
4	9	2	277	0x405c5d39	3.443189859390259
4	9	3	7	0xc0366348	-2.8498096466064453
4	10	0	35	0x411e4aca	9.893259048461914
4	10	1	7	0xc0a9b805	-5.303713321685791
4	10	2	277	0x409bcd65	4.8688225746154785
4	10	3	9	0xc02dca35	-2.7154667377471924
4	11	0	35	0x40d11d01	6.534790515899658
4	11	1	277	0x4091a8dc	4.551862716674805
4	11	2	157	0xc05b8c0f	-3.4304234981536865
4	11	3	181	0x403e6664	2.97499942779541
4	12	0	35	0x40cc3b2e	6.382224082946777
4	12	1	277	0x407ef410	3.9836463928222656
4	12	2	265	0x407a9ff6	3.916013240814209
4	12	3	12	0x4059c09c	3.40238094329834
4	13	0	35	0x40f932d2	7.787453651428223
4	13	1	277	0x40807508	4.014286041259766
4	13	2	23	0xc03815f3	-2.8763396739959717
4	13	3	132	0xc037e97e	-2.873626232147217
4	14	0	35	0x410a96c6	8.661809921264648
4	14	1	277	0x409b61a2	4.855668067932129
4	14	2	122	0xc05b3eaf	-3.4257009029388428
4	14	3	156	0xc0341a03	-2.8140876293182373
4	15	0	35	0x40bf798b	5.98358678817749
4	15	1	277	0x40989d1e	4.769179344177246
4	15	2	0	0xc05b437f	-3.425994634628296
4	15	3	13	0xc01f6aed	-2.490901231765747
4	16	0	35	0x4112820e	9.15675163269043
4	16	1	277	0x40b0b4e7	5.522082805633545
4	16	2	9	0xc089d742	-4.307526588439941
4	16	3	7	0xc083a64f	-4.114051342010498
4	17	0	35	0x41157b63	9.342623710632324
4	17	1	277	0x40a3debe	5.120940208435059
4	17	2	161	0x4043a90a	3.057192325592041
4	17	3	12	0x403c17e5	2.9389584064483643
5	0	0	35	0x45c8ee90	6429.8203125
5	0	1	13	0x441d78a3	629.8849487304688
5	0	2	1	0x43b6ef1f	365.8681335449219
5	0	3	277	0xc3194297	-153.26011657714844
5	1	0	277	0x40afb139	5.490383625030518
5	1	1	157	0xc0a38b2c	-5.110738754272461
5	1	2	181	0x408d0101	4.406372547149658
5	1	3	35	0x408c564f	4.385535717010498
5	2	0	265	0x40b36899	5.606518268585205
5	2	1	186	0xc08ef491	-4.4673542976379395
5	2	2	35	0x4080b461	4.022018909454346
5	2	3	277	0x4075fd9e	3.843604564666748
5	3	0	35	0x40cd8054	6.421915054321289
5	3	1	164	0xc0896ff0	-4.294914245605469
5	3	2	23	0xc086e37e	-4.215270042419434
5	3	3	132	0xc082e3bc	-4.090299606323242
5	4	0	35	0x40c0ce45	6.025179386138916
5	4	1	122	0xc09b0840	-4.844757080078125
5	4	2	277	0x40945af7	4.636104106903076
5	4	3	156	0xc079e6f1	-3.9047205448150635
5	5	0	277	0x40990c10	4.782722473144531
5	5	1	0	0xc0796ab2	-3.89713716506958
5	5	2	35	0x405d562c	3.4583845138549805
5	5	3	24	0x40576da0	3.3660659790039062
5	6	0	35	0x4100ccc1	8.049988746643066
5	6	1	277	0x40c97f5a	6.296795845031738
5	6	2	7	0xc099e970	-4.809745788574219
5	6	3	9	0xc09858c8	-4.760837554931641
5	7	0	35	0x4107451c	8.45437240600586
5	7	1	277	0x40a46fcd	5.138647556304932
5	7	2	161	0x40800981	4.001160144805908
5	7	3	23	0xc064c5b7	-3.5745675563812256
5	8	0	35	0x40ff12ea	7.9710588455200195
5	8	1	277	0x409622b0	4.691734313964844
5	8	2	23	0xc06f3df5	-3.73815655708313
5	8	3	146	0x406120b1	3.517620325088501
5	9	0	35	0x4148a2eb	12.539774894714355
5	9	1	16	0xc0994821	-4.790054798126221
5	9	2	277	0x406041de	3.5040202140808105
5	9	3	7	0xc042c385	-3.0431835651397705
5	10	0	35	0x41309b6a	11.037942886352539
5	10	1	7	0xc0b42590	-5.629585266113281
5	10	2	277	0x4098888e	4.766669273376465
5	10	3	16	0xc0470af6	-3.110044002532959
5	11	0	35	0x409bf882	4.874085426330566
5	11	1	277	0x40885797	4.260692119598389
5	11	2	157	0xc086ade3	-4.208726406097412
5	11	3	181	0x40818b66	4.048266410827637
5	12	0	265	0x40a4063c	5.125761032104492
5	12	1	35	0x408af0ea	4.3419084548950195
5	12	2	23	0xc0703872	-3.7534451484680176
5	12	3	12	0x406ffe2e	3.7498888969421387
5	13	0	35	0x40eaf383	7.342225551605225
5	13	1	277	0x408009e2	4.001206398010254
5	13	2	23	0xc0728c1e	-3.789802074432373
5	13	3	164	0xc0656fb3	-3.584942579269409
5	14	0	35	0x40e6ea52	7.216103553771973
5	14	1	277	0x4098986e	4.768607139587402
5	14	2	122	0xc08760aa	-4.2305498123168945
5	14	3	156	0xc07076b6	-3.7572455406188965
5	15	0	35	0x409e5b55	4.948648929595947
5	15	1	277	0x40920fe4	4.56443977355957
5	15	2	0	0xc07b2316	-3.9240164756774902
5	15	3	199	0x4049dff0	3.1542930603027344
5	16	0	35	0x4117e7a7	9.49405574798584
5	16	1	277	0x40b30b0a	5.595097541809082
5	16	2	9	0xc09f0c63	-4.970262050628662
5	16	3	7	0xc097b801	-4.741211414337158
5	17	0	35	0x410f7e35	8.96831226348877
5	17	1	277	0x4094f6a1	4.655106067657471
5	17	2	161	0x40675871	3.6147730350494385
5	17	3	12	0x406717c3	3.610825300216675
6	0	0	35	0x45c8dfb5	6427.96337890625
6	0	1	13	0x441d8610	630.0947265625
6	0	2	1	0x43b6e5f7	365.7966003417969
6	0	3	277	0xc319f7f7	-153.96861267089844
6	1	0	277	0x40a6c3d3	5.211404323577881
6	1	1	157	0xc0a4f80d	-5.155279636383057
6	1	2	35	0x40a38ff2	5.111321449279785
6	1	3	181	0x40967939	4.702297687530518
6	2	0	265	0x40c1cb09	6.056034564971924
6	2	1	35	0x40b39cfa	5.612912178039551
6	2	2	186	0xc08b2f3d	-4.34951639175415
6	2	3	193	0xc0893947	-4.288241863250732
6	3	0	35	0x410c3c34	8.764698028564453
6	3	1	164	0xc09bbf13	-4.867074489593506
6	3	2	23	0xc09788eb	-4.735463619232178
6	3	3	132	0xc087a132	-4.23842716217041
6	4	0	35	0x40c27f88	6.078067779541016
6	4	1	122	0xc0a43182	-5.131043434143066
6	4	2	277	0x40900412	4.500496864318848
6	4	3	156	0xc0792ee4	-3.893486976623535
6	5	0	277	0x40a4d801	5.151367664337158
6	5	1	35	0x40943ef4	4.632684707641602
6	5	2	0	0xc07b9c7c	-3.9314260482788086
6	5	3	24	0x4069a7cd	3.650866746902466
6	6	0	35	0x40de953f	6.955718517303467
6	6	1	277	0x40cc8353	6.391030788421631
6	6	2	9	0xc0afe7e4	-5.49705696105957
6	6	3	7	0xc0aed4e4	-5.46348762512207
6	7	0	35	0x4100dd97	8.054099082946777
6	7	1	277	0x40a98377	5.297297954559326
6	7	2	161	0x40832f60	4.0995330810546875
6	7	3	23	0xc07ec43d	-3.980727434158325
6	8	0	35	0x4105ba52	8.357988357543945
6	8	1	277	0x409ac17f	4.836120128631592
6	8	2	23	0xc08e5c5f	-4.448775768280029
6	8	3	148	0x4064e591	3.5765116214752197
6	9	0	35	0x4140fe64	12.06210708618164
6	9	1	16	0xc09b5cb9	-4.855068683624268
6	9	2	7	0xc0640be3	-3.563225507736206
6	9	3	23	0xc03e4507	-2.9729630947113037
6	10	0	35	0x4128d626	10.552282333374023
6	10	1	7	0xc0b8eb7f	-5.778747081756592
6	10	2	277	0x4095f95f	4.686690807342529
6	10	3	9	0xc05c8a8f	-3.4459569454193115
6	11	0	35	0x40b356de	5.604353904724121
6	11	1	181	0x408f1377	4.471126079559326
6	11	2	157	0xc086431c	-4.19569206237793
6	11	3	277	0x407660f6	3.849668025970459
6	12	0	35	0x40e7d490	7.244697570800781
6	12	1	265	0x40ad3544	5.412752151489258
6	12	2	23	0xc08c5fcc	-4.386693954467773
6	12	3	12	0x40658e38	3.5868053436279297
6	13	0	35	0x4112ac32	9.16703987121582
6	13	1	23	0xc08305d0	-4.094459533691406
6	13	2	164	0xc076956c	-3.852869987487793
6	13	3	277	0x4070effc	3.7646474838256836
6	14	0	35	0x40e640dc	7.195417404174805
6	14	1	122	0xc08f109b	-4.4707770347595215
6	14	2	277	0x408d9800	4.4248046875
6	14	3	156	0xc073544d	-3.802020311355591
6	15	0	35	0x40d903e6	6.781725883483887
6	15	1	277	0x409ef521	4.967422962188721
6	15	2	0	0xc078fba4	-3.8903589248657227
6	15	3	147	0x405bb5e9	3.4329779148101807
6	16	0	35	0x41124285	9.141240119934082
6	16	1	277	0x40b202b2	5.56282901763916
6	16	2	9	0xc0ab7458	-5.357952117919922
6	16	3	7	0xc0a44716	-5.1336774826049805
6	17	0	35	0x41140827	9.25199031829834
6	17	1	277	0x40947bb1	4.640099048614502
6	17	2	161	0x4068ff78	3.640592575073242
6	17	3	62	0xc060bc1d	-3.511481523513794
7	0	0	35	0x45c8d121	6426.14111328125
7	0	1	13	0x441d826c	630.037841796875
7	0	2	1	0x43b6efa4	365.8721923828125
7	0	3	277	0xc31adcfa	-154.86318969726562
7	1	0	35	0x4113e10b	9.24244213104248
7	1	1	277	0x40c1ab65	6.0521721839904785
7	1	2	157	0xc0ae1c26	-5.440936088562012
7	1	3	181	0x40a164f2	5.043572425842285
7	2	0	35	0x40c5ad1a	6.177380561828613
7	2	1	265	0x40c057dc	6.010725021362305
7	2	2	186	0xc091b18f	-4.552924633026123
7	2	3	193	0xc08d7e83	-4.421693325042725
7	3	0	35	0x410893a0	8.536041259765625
7	3	1	23	0xc0adcfb3	-5.431603908538818
7	3	2	164	0xc09816be	-4.752776145935059
7	3	3	132	0xc0854329	-4.164448261260986
7	4	0	35	0x40c2c1bc	6.086149215698242
7	4	1	122	0xc0a4bcbb	-5.148038387298584
7	4	2	277	0x408bea5b	4.3723578453063965
7	4	3	18	0x408145d2	4.039772987365723
7	5	0	277	0x40a6bf15	5.210825443267822
7	5	1	35	0x408819d8	4.253154754638672
7	5	2	199	0x4076c8c4	3.856003761291504
7	5	3	0	0xc071370a	-3.768984317779541
7	6	0	35	0x40f9d59a	7.807324409484863
7	6	1	277	0x40dce66c	6.903127670288086
7	6	2	7	0xc0bebff7	-5.960933208465576
7	6	3	9	0xc0a84cf0	-5.259391784667969
7	7	0	35	0x411515ca	9.317819595336914
7	7	1	277	0x40c08bde	6.017073631286621
7	7	2	62	0xc0991488	-4.783756256103516
7	7	3	161	0x408317c9	4.096653461456299
7	8	0	35	0x410ae1eb	8.680155754089355
7	8	1	277	0x40a56125	5.1681084632873535
7	8	2	23	0xc09c1fcc	-4.878881454467773
7	8	3	18	0x4078b584	3.8860788345336914
7	9	0	35	0x4155ed05	13.370366096496582
7	9	1	16	0xc0a42a35	-5.130152225494385
7	9	2	7	0xc0813920	-4.0382232666015625
7	9	3	23	0xc05b44bf	-3.4260709285736084
7	10	0	35	0x4119bca0	9.608551025390625
7	10	1	7	0xc0bf130b	-5.97107458114624
7	10	2	277	0x40997aeb	4.796254634857178
7	10	3	9	0xc06fccdd	-3.7468788623809814
7	11	0	35	0x40b60d9d	5.689161777496338
7	11	1	181	0x4099ea7c	4.809873580932617
7	11	2	277	0x408503bc	4.156705856323242
7	11	3	157	0xc0837313	-4.107797145843506
7	12	0	35	0x40eaaca3	7.333573818206787
7	12	1	265	0x40aab7d9	5.33494234085083
7	12	2	23	0xc08ee99a	-4.466015815734863
7	12	3	12	0x408a783c	4.327177047729492
7	13	0	35	0x410107de	8.064420700073242
7	13	1	23	0xc08f9390	-4.486763000488281
7	13	2	164	0xc07b1d3f	-3.9236600399017334
7	13	3	277	0x4057b3f9	3.3703596591949463
7	14	0	35	0x40ba6541	5.824860095977783
7	14	1	122	0xc092efde	-4.591780662536621
7	14	2	277	0x40868989	4.204288959503174
7	14	3	18	0x406fdbc2	3.7477879524230957
7	15	0	35	0x40c42940	6.130035400390625
7	15	1	277	0x409dcc31	4.931175708770752
7	15	2	18	0x4063bce5	3.5584042072296143
7	15	3	199	0x405e918f	3.4776341915130615
7	16	0	7	0xc0a16962	-5.044114112854004
7	16	1	9	0xc09909ea	-4.7824602127075195
7	16	2	277	0x409255de	4.572981834411621
7	16	3	35	0x40885c44	4.261262893676758
7	17	0	35	0x41130a10	9.189956665039062
7	17	1	277	0x409275f2	4.576897621154785
7	17	2	161	0x4073fa27	3.812143087387085
7	17	3	62	0xc07204dc	-3.7815465927124023
8	0	0	35	0x45c8b219	6422.26220703125
8	0	1	13	0x441d95d2	630.3409423828125
8	0	2	1	0x43b6fed1	365.9907531738281
8	0	3	277	0xc31bdf9f	-155.87351989746094
8	1	0	35	0x412a3ef2	10.64036750793457
8	1	1	277	0x40e67aa2	7.202469825744629
8	1	2	157	0xc0b2a1bf	-5.582244396209717
8	1	3	181	0x40a4bf16	5.1483259201049805
8	2	0	35	0x4103fb3e	8.248838424682617
8	2	1	265	0x40ba9514	5.830698013305664
8	2	2	1	0x40a0acca	5.021092414855957
8	2	3	186	0xc09a8b03	-4.829469203948975
8	3	0	35	0x413e2537	11.884085655212402
8	3	1	23	0xc0d236d5	-6.569193363189697
8	3	2	277	0x40935a9e	4.604811668395996
8	3	3	164	0xc091f273	-4.560845851898193
8	4	0	35	0x40efa981	7.489441394805908
8	4	1	122	0xc0a15258	-5.041301727294922
8	4	2	23	0xc09acbf6	-4.837397575378418
8	4	3	277	0x40998864	4.79789924621582
8	5	0	277	0x40c1dc26	6.058123588562012
8	5	1	35	0x40c16f5a	6.044842720031738
8	5	2	18	0x409935c9	4.787815570831299
8	5	3	199	0x409246e6	4.571154594421387
8	6	0	35	0x411b55cc	9.708446502685547
8	6	1	277	0x40ff3492	7.975167274475098
8	6	2	9	0xc0b28324	-5.578508377075195
8	6	3	7	0xc0b24866	-5.571337699890137
8	7	0	35	0x41276ff2	10.46483039855957
8	7	1	277	0x40d99878	6.799861907958984
8	7	2	62	0xc0bd8d41	-5.923492908477783
8	7	3	23	0xc0a33992	-5.100777626037598
8	8	0	35	0x41075b67	8.45981502532959
8	8	1	277	0x40a9b5c2	5.303437232971191
8	8	2	23	0xc09e3d57	-4.944987773895264
8	8	3	18	0x40834613	4.102303981781006
8	9	0	35	0x41413ed9	12.07784366607666
8	9	1	16	0xc0ab840c	-5.359869003295898
8	9	2	7	0xc08172f4	-4.045282363891602
8	9	3	23	0xc0524069	-3.2851812839508057
8	10	0	35	0x41101cae	9.007001876831055
8	10	1	7	0xc0cd8b0b	-6.42322301864624
8	10	2	277	0x4093586c	4.604543685913086
8	10	3	9	0xc0759d6e	-3.837733745574951
8	11	0	35	0x41308366	11.032079696655273
8	11	1	277	0x40ad98e9	5.424915790557861
8	11	2	181	0x40994bcd	4.790503025054932
8	11	3	23	0xc091297e	-4.536314964294434
8	12	0	35	0x41291404	10.567386627197266
8	12	1	265	0x40aebfe9	5.460926532745361
8	12	2	23	0xc0ab9104	-5.361452102661133
8	12	3	12	0x40903b80	4.50726318359375
8	13	0	35	0x412eaa3d	10.9165620803833
8	13	1	23	0xc0a73cf9	-5.226192951202393
8	13	2	277	0x40846b3a	4.138089179992676
8	13	3	164	0xc078e1aa	-3.8887734413146973
8	14	0	35	0x411d04a8	9.813636779785156
8	14	1	277	0x40ade952	5.434731483459473
8	14	2	122	0xc0933e72	-4.601372718811035
8	14	3	18	0x40890037	4.281276226043701
8	15	0	35	0x41137712	9.216569900512695
8	15	1	277	0x40c4b5ca	6.147191047668457
8	15	2	18	0x408edbad	4.464315891265869
8	15	3	199	0x4077a89e	3.869666576385498
8	16	0	35	0x411473e1	9.278290748596191
8	16	1	277	0x40c87697	6.264476299285889
8	16	2	7	0xc0b384f5	-5.60998010635376
8	16	3	9	0xc0ac90f0	-5.392692565917969
8	17	0	35	0x412a76ce	10.65400505065918
8	17	1	277	0x40b4ec9c	5.65388298034668
8	17	2	23	0xc086d34e	-4.21329402923584
8	17	3	62	0xc0843cef	-4.1324381828308105
9	0	0	35	0x45c884ff	6416.62451171875
9	0	1	13	0x441dbb18	630.92333984375
9	0	2	1	0x43b722b3	366.2710876464844
9	0	3	277	0xc31d023d	-157.0087432861328
9	1	0	35	0x4156ec8e	13.43275260925293
9	1	1	277	0x410004fc	8.001216888427734
9	1	2	30	0x40c6f51d	6.217421054840088
9	1	3	305	0x40b651c4	5.697481155395508
9	2	0	35	0x4114e7b7	9.306571006774902
9	2	1	265	0x40c02876	6.004939079284668
9	2	2	1	0x40a5b489	5.178287982940674
9	2	3	186	0xc09cef10	-4.904182434082031
9	3	0	35	0x41593599	13.57558536529541
9	3	1	23	0xc0e722ef	-7.2230143547058105
9	3	2	277	0x40a42dda	5.130597114562988
9	3	3	18	0x40a0655c	5.012372970581055
9	4	0	35	0x4145f418	12.372093200683594
9	4	1	277	0x40b95d50	5.792640686035156
9	4	2	122	0xc0a4997b	-5.143735408782959
9	4	3	18	0x409369f2	4.606682777404785
9	5	0	35	0x40e2e918	7.090953826904297
9	5	1	277	0x40be4554	5.945962905883789
9	5	2	165	0xc0a65040	-5.197296142578125
9	5	3	18	0x40a5226c	5.160451889038086
9	6	0	35	0x415a805a	13.656335830688477
9	6	1	277	0x4104f858	8.310630798339844
9	6	2	9	0xc0cb2e96	-6.3494367599487305
9	6	3	7	0xc0a052d9	-5.01011323928833
9	7	0	35	0x4183745c	16.43181610107422
9	7	1	277	0x4103b911	8.232682228088379
9	7	2	62	0xc0dfec1a	-6.997570991516113
9	7	3	23	0xc0ac271a	-5.379773139953613
9	8	0	35	0x41664311	14.391373634338379
9	8	1	277	0x40c5ec45	6.185091495513916
9	8	2	23	0xc0a72cee	-5.224234580993652
9	8	3	18	0x40a01a79	5.003231525421143
9	9	0	35	0x4185bd9a	16.717578887939453
9	9	1	16	0xc0cb79dc	-6.358625411987305
9	9	2	23	0xc07ace58	-3.918844223022461
9	9	3	276	0x40746b4e	3.81904935836792
9	10	0	35	0x4159c7be	13.611265182495117
9	10	1	7	0xc0d09d52	-6.519204139709473
9	10	2	277	0x40a4b0ac	5.146566390991211
9	10	3	9	0xc08e836c	-4.453542709350586
9	11	0	35	0x41768b13	15.408953666687012
9	11	1	277	0x40c53658	6.162883758544922
9	11	2	181	0x409b1128	4.845844268798828
9	11	3	18	0x408b5c26	4.354998588562012
9	12	0	35	0x41464a46	12.393133163452148
9	12	1	265	0x40ae9176	5.455256462097168
9	12	2	23	0xc0a3cd0f	-5.118781566619873
9	12	3	12	0x40a06c32	5.01320743560791
9	13	0	35	0x4187f5d8	16.995040893554688
9	13	1	23	0xc0c266cf	-6.075049877166748
9	13	2	277	0x40a5f1c0	5.185760498046875
9	13	3	18	0x408e64f0	4.449821472167969
9	14	0	35	0x41594c12	13.581071853637695
9	14	1	277	0x40d1b202	6.552979469299316
9	14	2	122	0xc0995d7d	-4.792662143707275
9	14	3	18	0x40911cfd	4.534788608551025
9	15	0	35	0x414945a1	12.579499244689941
9	15	1	277	0x40cd09ec	6.407461166381836
9	15	2	18	0x409aba46	4.835238456726074
9	15	3	13	0xc091b67d	-4.553526401519775
9	16	0	35	0x4157c69b	13.485987663269043
9	16	1	277	0x40cc94e7	6.393176555633545
9	16	2	9	0xc0c0fac6	-6.030611991882324
9	16	3	7	0xc0ac4f0f	-5.384650707244873
9	17	0	35	0x417c0bab	15.752848625183105
9	17	1	277	0x40d8ed13	6.778939723968506
9	17	2	62	0xc09ba4fa	-4.863888740539551
9	17	3	18	0x40923baa	4.5697832107543945
10	0	0	35	0x45c87b56	6415.4169921875
10	0	1	13	0x441d994c	630.395263671875
10	0	2	1	0x43b777ff	366.9374694824219
10	0	3	277	0xc31d92fe	-157.57418823242188
10	1	0	35	0x418e5f56	17.796550750732422
10	1	1	277	0x411ba033	9.726611137390137
10	1	2	30	0x40dfc02c	6.992208480834961
10	1	3	62	0xc0bdb8d2	-5.928811073303223
10	2	0	265	0x411df672	9.87266731262207
10	2	1	35	0x411445ac	9.267009735107422
10	2	2	1	0x40cb14cc	6.346288681030273
10	2	3	62	0xc0bf9d3b	-5.987943172454834
10	3	0	35	0x4144231a	12.258569717407227
10	3	1	23	0xc0c36202	-6.105713844299316
10	3	2	1	0x40c07eae	6.015463829040527
10	3	3	164	0xc0ac7fd0	-5.390602111816406
10	4	0	35	0x4114cc11	9.299820899963379
10	4	1	28	0x40bfe3e9	5.996571063995361
10	4	2	236	0xc0b10046	-5.531283378601074
10	4	3	122	0xc0a9c419	-5.305187702178955
10	5	0	28	0x40bf768d	5.983221530914307
10	5	1	18	0x40b6bfd3	5.710916042327881
10	5	2	1	0x409d2e21	4.911880970001221
10	5	3	199	0x4093792d	4.608541965484619
10	6	0	35	0x41357cb7	11.342947959899902
10	6	1	277	0x40eb5763	7.354417324066162
10	6	2	9	0xc0d1ee64	-6.56035041809082
10	6	3	7	0xc0c03f98	-6.007762908935547
10	7	0	35	0x41567ea2	13.405916213989258
10	7	1	62	0xc102c3dc	-8.17281723022461
10	7	2	277	0x40f6e801	7.715820789337158
10	7	3	18	0x40cbfac5	6.374361515045166
10	8	0	35	0x4188c009	17.093767166137695
10	8	1	277	0x40c442da	6.133160591125488
10	8	2	18	0x40bac97a	5.837094306945801
10	8	3	1	0x40acaf14	5.396371841430664
10	9	0	35	0x41bac6d1	23.347078323364258
10	9	1	16	0xc0d117f7	-6.534175395965576
10	9	2	7	0xc08d2930	-4.411277770996094
10	9	3	1	0x4086c26e	4.211234092712402
10	10	0	35	0x419b89a5	19.442209243774414
10	10	1	7	0xc0e2aadf	-7.083358287811279
10	10	2	277	0x40b4bf04	5.648317337036133
10	10	3	9	0xc092bb5a	-4.585370063781738
10	11	0	35	0x41767110	15.402603149414062
10	11	1	277	0x40c151eb	6.041249752044678
10	11	2	18	0x40aed7ee	5.463858604431152
10	11	3	181	0x409923a0	4.7855987548828125
10	12	0	35	0x411bf2d2	9.746782302856445
10	12	1	265	0x410ead45	8.917302131652832
10	12	2	18	0x40c263f7	6.074702739715576
10	12	3	12	0x40ae60da	5.449322700500488
10	13	0	35	0x41a10dd3	20.131750106811523
10	13	1	23	0xc0bc7aec	-5.890005111694336
10	13	2	18	0x40afe0bb	5.496182918548584
10	13	3	277	0x40adbe46	5.429476737976074
10	14	0	35	0x4176c4c0	15.42303466796875
10	14	1	277	0x40c8870e	6.266486167907715
10	14	2	18	0x40b0e577	5.528010845184326
10	14	3	28	0x40a53093	5.162179470062256
10	15	0	35	0x41495b79	12.584832191467285
10	15	1	18	0x40c670f3	6.201287746429443
10	15	2	277	0x40ade2c9	5.433933734893799
10	15	3	28	0x40ad9e48	5.425571441650391
10	16	0	35	0x415b8621	13.720246315002441
10	16	1	7	0xc0c325c4	-6.098360061645508
10	16	2	9	0xc0c1897f	-6.048034191131592
10	16	3	277	0x40b1819c	5.54707145690918
10	17	0	35	0x418d9fd1	17.703035354614258
10	17	1	277	0x40d618d3	6.690530300140381
10	17	2	18	0x40c285c6	6.078829765319824
10	17	3	62	0xc0a7fd8e	-5.249701499938965
11	0	0	35	0x45c85f8f	6411.94482421875
11	0	1	13	0x441da930	630.6435546875
11	0	2	1	0x43b7b88d	367.4418029785156
11	0	3	277	0xc31e923d	-158.5712432861328
11	1	0	35	0x41b12727	22.14411735534668
11	1	1	277	0x412de566	10.868505477905273
11	1	2	157	0xc11544d5	-9.329304695129395
11	1	3	181	0x410b12c8	8.692085266113281
11	2	0	35	0x419e829e	19.813777923583984
11	2	1	265	0x412952bd	10.5826997756958
11	2	2	62	0xc0fb728d	-7.857733249664307
11	2	3	193	0xc0f9a53a	-7.801419258117676
11	3	0	35	0x41a9387c	21.15258026123047
11	3	1	144	0x4104f71f	8.310332298278809
11	3	2	164	0xc0f9d2bb	-7.806973934173584
11	3	3	132	0xc0eed9aa	-7.4640703201293945
11	4	0	35	0x419d86ec	19.690879821777344
11	4	1	122	0xc11b4970	-9.705429077148438
11	4	2	277	0x40f267a2	7.575150489807129
11	4	3	244	0x40e6ac82	7.208558082580566
11	5	0	35	0x416bb86a	14.732522964477539
11	5	1	199	0x40e17bb2	7.04634952545166
11	5	2	28	0x40df3317	6.974986553192139
11	5	3	138	0x40d7f504	6.748659133911133
11	6	0	35	0x41b3bfae	22.46859359741211
11	6	1	277	0x4111d9e0	9.115692138671875
11	6	2	9	0xc0ee9b87	-7.456485271453857
11	6	3	28	0x40e92c9d	7.286695957183838
11	7	0	35	0x41a3a5ed	20.456018447875977
11	7	1	62	0xc11e86cd	-9.907910346984863
11	7	2	277	0x411990b4	9.597827911376953
11	7	3	161	0x40f0f8df	7.530379772186279
11	8	0	35	0x41bd0795	23.62870216369629
11	8	1	277	0x40f7302e	7.724631309509277
11	8	2	129	0xc0cd624d	-6.418249607086182
11	8	3	18	0x40c601bf	6.187713146209717
11	9	0	35	0x41d39662	26.448429107666016
11	9	1	16	0xc0e89955	-7.268717288970947
11	9	2	7	0xc0a41e33	-5.128686428070068
11	9	3	41	0x40a17dd2	5.046608924865723
11	10	0	35	0x4170b034	15.043018341064453
11	10	1	7	0xc0ea7107	-7.326297283172607
11	10	2	277	0x40a36f51	5.1073384284973145
11	10	3	9	0xc093d631	-4.619896411895752
11	11	0	35	0x41ac2f49	21.523088455200195
11	11	1	277	0x40f8c4fa	7.774044990539551
11	11	2	181	0x40f1aece	7.55258846282959
11	11	3	157	0xc0cb5fa0	-6.3554229736328125
11	12	0	35	0x41ad4390	21.657989501953125
11	12	1	265	0x411af25a	9.684167861938477
11	12	2	193	0xc0e08a49	-7.016880512237549
11	12	3	23	0xc0d4c7af	-6.6493754386901855
11	13	0	35	0x41c1f23e	24.243282318115234
11	13	1	23	0xc0e423a6	-7.129351615905762
11	13	2	277	0x40d3c756	6.6180830001831055
11	13	3	18	0x40c3c7ce	6.11814022064209
11	14	0	35	0x41b38b9c	22.44316864013672
11	14	1	122	0xc107924b	-8.47321605682373
11	14	2	277	0x41069f97	8.413962364196777
11	14	3	18	0x40ce3e5a	6.445111274719238
11	15	0	35	0x41bda636	23.706157684326172
11	15	1	277	0x40f21b42	7.565827369689941
11	15	2	199	0x40da52d6	6.8226118087768555
11	15	3	18	0x40d59912	6.674935340881348
11	16	0	35	0x41847d1f	16.561094284057617
11	16	1	7	0xc0d4fc1a	-6.655774116516113
11	16	2	277	0x40c89c9b	6.2691168785095215
11	16	3	13	0xc0b7251a	-5.723278999328613
11	17	0	35	0x41cf322f	25.899503707885742
11	17	1	277	0x410d2613	8.821795463562012
11	17	2	161	0x40e0f378	7.029720306396484
11	17	3	62	0xc0d3fbab	-6.624471187591553
12	0	0	35	0x45c84c72	6409.5556640625
12	0	1	13	0x441dbd79	630.9605102539062
12	0	2	1	0x43b7e240	367.767578125
12	0	3	277	0xc31f1977	-159.09947204589844
12	1	0	35	0x41d5749a	26.681934356689453
12	1	1	277	0x4135ede3	11.370577812194824
12	1	2	157	0xc11569f7	-9.338370323181152
12	1	3	181	0x410e4c73	8.893664360046387
12	2	0	35	0x41b3d553	22.479162216186523
12	2	1	265	0x412dea13	10.869647026062012
12	2	2	62	0xc1089d44	-8.538394927978516
12	2	3	193	0xc0fc0e14	-7.876718521118164
12	3	0	35	0x41af845b	21.939626693725586
12	3	1	144	0x410611f4	8.379383087158203
12	3	2	164	0xc0fef622	-7.967545509338379
12	3	3	132	0xc0ed4101	-7.414185047149658
12	4	0	35	0x4198d72f	19.105070114135742
12	4	1	122	0xc11bce4f	-9.737868309020996
12	4	2	277	0x40e9f82c	7.311544418334961
12	4	3	244	0x40e966ec	7.293813705444336
12	5	0	35	0x4156d7d6	13.427694320678711
12	5	1	28	0x40ff6fdb	7.9824042320251465
12	5	2	199	0x40f201f4	7.562738418579102
12	5	3	18	0x40d58271	6.672173023223877
12	6	0	35	0x41ac866a	21.565631866455078
12	6	1	277	0x410834ed	8.512921333312988
12	6	2	28	0x41081d46	8.507146835327148
12	6	3	9	0xc0dca510	-6.895149230957031
12	7	0	35	0x4189a58f	17.205839157104492
12	7	1	62	0xc11cae44	-9.792545318603516
12	7	2	277	0x410f0488	8.938606262207031
12	7	3	18	0x40fe630e	7.949591636657715
12	8	0	35	0x41b2699e	22.301570892333984
12	8	1	277	0x40ead28b	7.33820104598999
12	8	2	18	0x40e0026e	7.000296592712402
12	8	3	129	0xc0d7e254	-6.746377944946289
12	9	0	35	0x41fef5da	31.870044708251953
12	9	1	16	0xc0ec4ae5	-7.3841423988342285
12	9	2	1	0x40af0692	5.469552040100098
12	9	3	41	0x40a8e4f4	5.277948379516602
12	10	0	35	0x418f8ed2	17.94473648071289
12	10	1	7	0xc0f23f54	-7.570230484008789
12	10	2	277	0x40ad3464	5.41264533996582
12	10	3	1	0x40a2eaa9	5.091145038604736
12	11	0	35	0x41a9344f	21.150541305541992
12	11	1	181	0x410088b5	8.03337574005127
12	11	2	277	0x40eb9c72	7.362847328186035
12	11	3	18	0x40cef7c6	6.467745780944824
12	12	0	35	0x41ad6730	21.675384521484375
12	12	1	265	0x41183c25	9.514683723449707
12	12	2	28	0x40ed62f9	7.418331623077393
12	12	3	193	0xc0e7a573	-7.238946437835693
12	13	0	35	0x41d116c6	26.136119842529297
12	13	1	23	0xc0ebd5b1	-7.369835376739502
12	13	2	28	0x40d55008	6.666019439697266
12	13	3	277	0x40d4f02d	6.654318332672119
12	14	0	35	0x41ad31f8	21.649398803710938
12	14	1	122	0xc10c6b78	-8.776237487792969
12	14	2	277	0x41062ba3	8.385653495788574
12	14	3	18	0x40d36599	6.606152057647705
12	15	0	35	0x41b48c79	22.56859016418457
12	15	1	277	0x40f39530	7.611961364746094
12	15	2	28	0x40eb6753	7.356362819671631
12	15	3	13	0xc0e3354a	-7.100255012512207
12	16	0	35	0x4167b624	14.48196792602539
12	16	1	1	0x40db8f33	6.861230373382568
12	16	2	7	0xc0d66dac	-6.700887680053711
12	16	3	13	0xc0ca23d7	-6.316874980926514
12	17	0	35	0x41ad61b0	21.672698974609375
12	17	1	277	0x4100975f	8.036955833435059
12	17	2	161	0x40ddbfa2	6.929642677307129
12	17	3	62	0xc0d7acc0	-6.739837646484375
13	0	0	35	0x45c839ed	6407.24072265625
13	0	1	13	0x441dc554	631.083251953125
13	0	2	1	0x43b8166b	368.1751403808594
13	0	3	277	0xc31f76e4	-159.46441650390625
13	1	0	35	0x41e8cb87	29.09937858581543
13	1	1	277	0x413a2a32	11.63530158996582
13	1	2	30	0x4116c096	9.422018051147461
13	1	3	157	0xc1150daf	-9.315840721130371
13	2	0	35	0x41b6fe27	22.87409782409668
13	2	1	265	0x4128a273	10.539660453796387
13	2	2	62	0xc10b4e72	-8.70665168762207
13	2	3	193	0xc0f6d294	-7.713205337524414
13	3	0	35	0x41c9fd00	25.24853515625
13	3	1	144	0x41044a28	8.268104553222656
13	3	2	18	0x40f36aaa	7.6067705154418945
13	3	3	164	0xc0eed128	-7.463031768798828
13	4	0	35	0x41a59bc9	20.701066970825195
13	4	1	122	0xc118e447	-9.555731773376465
13	4	2	28	0x40ee516f	7.4474406242370605
13	4	3	214	0x40ec9b2b	7.393941402435303
13	5	0	35	0x416d77ce	14.84174919128418
13	5	1	28	0x4108fcb6	8.561697006225586
13	5	2	18	0x40ed5f9c	7.41792106628418
13	5	3	199	0x40dec95b	6.9620795249938965
13	6	0	35	0x41c79daa	24.951984405517578
13	6	1	28	0x410cc2ee	8.797590255737305
13	6	2	277	0x4104d3dd	8.301724433898926
13	6	3	18	0x40eb2264	7.34794807434082
13	7	0	35	0x41abe585	21.487070083618164
13	7	1	62	0xc1243e68	-10.265235900878906
13	7	2	277	0x41113b00	9.076904296875
13	7	3	18	0x410fdf74	8.992053985595703
13	8	0	35	0x41d0cecf	26.100980758666992
13	8	1	18	0x40e93ac1	7.288422107696533
13	8	2	28	0x40dbf55a	6.873700141906738
13	8	3	129	0xc0cd7ac8	-6.421237945556641
13	9	0	35	0x4203cf32	32.95233917236328
13	9	1	16	0xc0f764b6	-7.731043815612793
13	9	2	1	0x40b0b75b	5.5223822593688965
13	9	3	41	0x40abe97f	5.372252941131592
13	10	0	35	0x41a79721	20.948793411254883
13	10	1	7	0xc0fb1160	-7.8458709716796875
13	10	2	277	0x40c1f264	6.06083869934082
13	10	3	1	0x40b3e98c	5.622259140014648
13	11	0	35	0x41c47991	24.559358596801758
13	11	1	181	0x4108e3da	8.555627822875977
13	11	2	277	0x40ec8855	7.391642093658447
13	11	3	18	0x40d43cce	6.63242244720459
13	12	0	35	0x41c42b8b	24.52126121520996
13	12	1	265	0x4116f942	9.435853958129883
13	12	2	28	0x41002cfe	8.010984420776367
13	12	3	193	0xc0e16e5b	-7.0447211265563965
13	13	0	35	0x41e156cf	28.167387008666992
13	13	1	23	0xc0fe7715	-7.952036380767822
13	13	2	277	0x40e73e6d	7.226370334625244
13	13	3	28	0x40dd8e6c	6.923635482788086
13	14	0	35	0x41bc3c48	23.529434204101562
13	14	1	122	0xc10ebca7	-8.92105770111084
13	14	2	277	0x410a7cb9	8.655449867248535
13	14	3	13	0xc0c6ddab	-6.214559078216553
13	15	0	35	0x41ca6905	25.301279067993164
13	15	1	28	0x40f4caba	7.649746894836426
13	15	2	13	0xc0f1536c	-7.541433334350586
13	15	3	277	0x40eb4715	7.352427005767822
13	16	0	35	0x4181e991	16.239046096801758
13	16	1	1	0x40e87aa5	7.2649712562561035
13	16	2	7	0xc0ddaea3	-6.927567958831787
13	16	3	13	0xc0db203c	-6.847684860229492
13	17	0	35	0x41cebea6	25.843090057373047
13	17	1	277	0x41027a59	8.15487003326416
13	17	2	62	0xc0ebcc00	-7.36865234375
13	17	3	28	0x40eab9df	7.335189342498779
14	0	0	35	0x45c81880	6403.0625
14	0	1	13	0x441deca4	631.697509765625
14	0	2	1	0x43b7cdf7	367.6091003417969
14	0	3	277	0xc32035f8	-160.2108154296875
14	1	0	35	0x41d6593c	26.79357147216797
14	1	1	277	0x41468b8a	12.409067153930664
14	1	2	30	0x4131f27a	11.121698379516602
14	1	3	62	0xc11d2581	-9.821656227111816
14	2	0	35	0x41aa088d	21.254175186157227
14	2	1	265	0x412737af	10.451094627380371
14	2	2	62	0xc1184e42	-9.519105911254883
14	2	3	18	0x41033af9	8.201897621154785
14	3	0	35	0x41bc39a0	23.52813720703125
14	3	1	144	0x41083201	8.512207984924316
14	3	2	164	0xc0fedde5	-7.9645867347717285
14	3	3	18	0x40fcdd27	7.90199613571167
14	4	0	35	0x418faf9f	17.960752487182617
14	4	1	122	0xc116ffb4	-9.437427520751953
14	4	2	244	0x40e98126	7.297015190124512
14	4	3	18	0x40e6a325	7.2074151039123535
14	5	0	35	0x41361240	11.37945556640625
14	5	1	18	0x4101d06f	8.113387107849121
14	5	2	28	0x40ffc607	7.992923259735107
14	5	3	1	0x40e9f59c	7.31123161315918
14	6	0	35	0x41adba9a	21.716114044189453
14	6	1	28	0x410fff08	8.999763488769531
14	6	2	277	0x410548f2	8.33030891418457
14	6	3	18	0x41025cbd	8.1476411819458
14	7	0	35	0x41989ce2	19.076602935791016
14	7	1	62	0xc133e1ef	-11.242659568786621
14	7	2	277	0x411f0c87	9.940558433532715
14	7	3	18	0x411a6c21	9.651398658752441
14	8	0	35	0x41d50c29	26.630937576293945
14	8	1	18	0x41027f82	8.156129837036133
14	8	2	277	0x40ccdb2e	6.401755332946777
14	8	3	28	0x40c7a465	6.2388176918029785
14	9	0	35	0x41eddcc1	29.732789993286133
14	9	1	16	0xc0f412f0	-7.627311706542969
14	9	2	18	0x40bf9448	5.986850738525391
14	9	3	41	0x40bc60d1	5.8868184089660645
14	10	0	35	0x41f5c769	30.722368240356445
14	10	1	7	0xc10add34	-8.679004669189453
14	10	2	277	0x40edbd53	7.429360866546631
14	10	3	9	0xc0d08468	-6.516162872314453
14	11	0	35	0x41cd4a2c	25.661216735839844
14	11	1	277	0x410dbd82	8.858766555786133
14	11	2	181	0x4109951d	8.598904609680176
14	11	3	18	0x40ec9022	7.392594337463379
14	12	0	35	0x41ddf58b	27.74489402770996
14	12	1	265	0x411bedb5	9.74553394317627
14	12	2	28	0x40fc9f10	7.894416809082031
14	12	3	18	0x40ef6c0a	7.481938362121582
14	13	0	35	0x41f24bb3	30.286962509155273
14	13	1	277	0x410624a7	8.38394832611084
14	13	2	23	0xc0f4164a	-7.627720832824707
14	13	3	28	0x40e80d7b	7.251645565032959
14	14	0	35	0x41ced228	25.852615356445312
14	14	1	277	0x411787f7	9.470694541931152
14	14	2	122	0xc10f664e	-8.96247673034668
14	14	3	18	0x40e480c4	7.140718460083008
14	15	0	35	0x41d5b55c	26.71355438232422
14	15	1	28	0x4101c221	8.109894752502441
14	15	2	277	0x4100ca4a	8.049386978149414
14	15	3	18	0x40fe6f10	7.951057434082031
14	16	0	35	0x41ecc9f5	29.59861183166504
14	16	1	28	0x40ffcd9a	7.993847846984863
14	16	2	277	0x40fda976	7.926936149597168
14	16	3	13	0xc0f9be6d	-7.804495334625244
14	17	0	35	0x41d66eba	26.804065704345703
14	17	1	277	0x410ed71f	8.927519798278809
14	17	2	62	0xc0fa8049	-7.828159809112549
14	17	3	13	0xc0f3c74e	-7.61807918548584
15	0	0	35	0x45c80d8f	6401.69482421875
15	0	1	13	0x441df9c0	631.90234375
15	0	2	1	0x43b7f578	367.917724609375
15	0	3	277	0xc320cc38	-160.7977294921875
15	1	0	35	0x4202bf0c	32.68656921386719
15	1	1	277	0x416d5597	14.833395957946777
15	1	2	30	0x413d4bcb	11.83100414276123
15	1	3	157	0xc1213e8c	-10.077770233154297
15	2	0	35	0x41c8d34a	25.103168487548828
15	2	1	62	0xc12a3321	-10.637482643127441
15	2	2	265	0x412664ca	10.399606704711914
15	2	3	18	0x411b2082	9.695436477661133
15	3	0	35	0x41c22719	24.26909065246582
15	3	1	18	0x4111abe4	9.10446548461914
15	3	2	144	0x410b36e9	8.700905799865723
15	3	3	164	0xc10143af	-8.079024314880371
15	4	0	35	0x41bc6e96	23.553997039794922
15	4	1	122	0xc111f776	-9.122915267944336
15	4	2	277	0x410caa80	8.7916259765625
15	4	3	18	0x410a04e6	8.626195907592773
15	5	0	35	0x41486dff	12.526854515075684
15	5	1	18	0x4115e447	9.368231773376465
15	5	2	28	0x411468d9	9.27559757232666
15	5	3	1	0x410a4211	8.641129493713379
15	6	0	35	0x419cf5ae	19.61996078491211
15	6	1	28	0x41260917	10.377219200134277
15	6	2	277	0x4115d1a0	9.363677978515625
15	6	3	18	0x410c9c73	8.788195610046387
15	7	0	35	0x41a18121	20.188051223754883
15	7	1	62	0xc1445412	-12.270524978637695
15	7	2	277	0x4141a7b2	12.10344123840332
15	7	3	18	0x4121cdd2	10.112749099731445
15	8	0	35	0x41dc454d	27.533838272094727
15	8	1	277	0x41081f34	8.507617950439453
15	8	2	18	0x41076e02	8.464357376098633
15	8	3	28	0x40e72b34	7.224023818969727
15	9	0	35	0x42143415	37.05086135864258
15	9	1	16	0xc1103c07	-9.014655113220215
15	9	2	18	0x40face24	7.837663650512695
15	9	3	41	0x40f42bca	7.630345344543457
15	10	0	35	0x420b7e5e	34.87340545654297
15	10	1	7	0xc11c4d3e	-9.768857955932617
15	10	2	277	0x41066868	8.400489807128906
15	10	3	9	0xc0d25e62	-6.574021339416504
15	11	0	35	0x41dcc87b	27.597890853881836
15	11	1	277	0x412efe66	10.937108993530273
15	11	2	18	0x41111f62	9.070161819458008
15	11	3	181	0x41069661	8.411713600158691
15	12	0	35	0x41d8d17d	27.1022891998291
15	12	1	265	0x41180f4b	9.50373363494873
15	12	2	28	0x4111f128	9.121376037597656
15	12	3	18	0x410de733	8.868945121765137
15	13	0	35	0x41e51ce2	28.639102935791016
15	13	1	277	0x411384f6	9.219961166381836
15	13	2	28	0x410c3a1f	8.764189720153809
15	13	3	18	0x4105ee21	8.370636940002441
15	14	0	35	0x41d6e1dc	26.86028289794922
15	14	1	277	0x412fc7ac	10.986248016357422
15	14	2	122	0xc10d6e3e	-8.839414596557617
15	14	3	18	0x410c6525	8.774693489074707
15	15	0	35	0x41c22aca	24.270893096923828
15	15	1	28	0x411a607c	9.648555755615234
15	15	2	277	0x411578db	9.342005729675293
15	15	3	18	0x41144314	9.266376495361328
15	16	0	35	0x41db4b1c	27.41167449951172
15	16	1	28	0x41171c10	9.444351196289062
15	16	2	277	0x41118dc1	9.097107887268066
15	16	3	7	0xc106b6ed	-8.419659614562988
15	17	0	35	0x41db4c72	27.41232681274414
15	17	1	277	0x4128ae4f	10.542555809020996
15	17	2	28	0x410fd27a	8.988885879516602
15	17	3	62	0xc1069f6d	-8.413922309875488
16	0	0	35	0x45c7ff34	6399.900390625
16	0	1	13	0x441e1325	632.2991333007812
16	0	2	1	0x43b8464a	368.54913330078125
16	0	3	277	0xc32122db	-161.1361541748047
16	1	0	35	0x41e99e36	29.202251434326172
16	1	1	277	0x418cae27	17.58503532409668
16	1	2	157	0xc187da2f	-16.981534957885742
16	1	3	30	0x4170a8ef	15.041243553161621
16	2	0	35	0x41f5f168	30.742874145507812
16	2	1	265	0x41914b7c	18.16185760498047
16	2	2	186	0xc173c73c	-15.236141204833984
16	2	3	62	0xc15f9ad7	-13.975302696228027
16	3	0	35	0x41fbf7b0	31.495941162109375
16	3	1	144	0x415da69e	13.853178024291992
16	3	2	164	0xc158bee2	-13.546602249145508
16	3	3	18	0x4144d1d8	12.301231384277344
16	4	0	35	0x41c7663a	24.924915313720703
16	4	1	122	0xc165d8be	-14.365415573120117
16	4	2	162	0x413917d3	11.568316459655762
16	4	3	214	0x41341957	11.256186485290527
16	5	0	35	0x415a055e	13.626310348510742
16	5	1	18	0x41389f3f	11.538878440856934
16	5	2	199	0x41331074	11.191516876220703
16	5	3	1	0x4123f0ba	10.246271133422852
16	6	0	35	0x41f1bc38	30.216903686523438
16	6	1	28	0x4133eca0	11.245269775390625
16	6	2	18	0x413112b0	11.067062377929688
16	6	3	277	0x411a52c4	9.645206451416016
16	7	0	35	0x41ca989a	25.324512481689453
16	7	1	62	0xc1742f64	-15.26156997680664
16	7	2	277	0x416aa6f1	14.665757179260254
16	7	3	18	0x414143ee	12.079084396362305
16	8	0	35	0x4207b70a	33.928749084472656
16	8	1	18	0x413116fd	11.06811237335205
16	8	2	277	0x411f31d9	9.94966983795166
16	8	3	148	0x411ec160	9.922210693359375
16	9	0	35	0x420fab30	35.91717529296875
16	9	1	276	0x4127145c	10.44247055053711
16	9	2	16	0xc12671b7	-10.402762413024902
16	9	3	41	0x411ee828	9.931678771972656
16	10	0	35	0x422ac113	42.68854904174805
16	10	1	7	0xc1737b02	-15.217531204223633
16	10	2	9	0xc117ccd6	-9.487508773803711
16	10	3	277	0x410e8171	8.906601905822754
16	11	0	35	0x4203ade5	32.91981887817383
16	11	1	277	0x415dbcf9	13.858635902404785
16	11	2	157	0xc1357e24	-11.34329605102539
16	11	3	181	0x4135227c	11.320919036865234
16	12	0	35	0x41eaf7f2	29.37106704711914
16	12	1	265	0x41805013	16.039098739624023
16	12	2	18	0x413189f3	11.096179008483887
16	12	3	193	0xc12f397a	-10.951532363891602
16	13	0	35	0x4221c71b	40.44443893432617
16	13	1	18	0x41345628	11.271034240722656
16	13	2	277	0x412bcd16	10.737569808959961
16	13	3	28	0x41258ea9	10.347329139709473
16	14	0	35	0x41d95ef2	27.17136001586914
16	14	1	122	0xc17848d4	-15.517780303955078
16	14	2	277	0x4146babb	12.420588493347168
16	14	3	214	0x412dafa8	10.855384826660156
16	15	0	35	0x41f6df7e	30.859127044677734
16	15	1	18	0x41394cb0	11.581222534179688
16	15	2	277	0x412eba23	10.920443534851074
16	15	3	28	0x412c1d7d	10.75719928741455
16	16	0	35	0x421a583e	38.58617401123047
16	16	1	7	0xc1509788	-13.036994934082031
16	16	2	277	0x413491fb	11.285639762878418
16	16	3	28	0x4129ff48	10.624824523925781
16	17	0	35	0x4204bda8	33.185211181640625
16	17	1	277	0x4164c8d9	14.29903507232666
16	17	2	161	0x4143e1aa	12.242593765258789
16	17	3	62	0xc1358da9	-11.347084999084473
17	0	0	35	0x45c805c8	6400.72265625
17	0	1	13	0x441defed	631.7488403320312
17	0	2	1	0x43b84ad8	368.584716796875
17	0	3	277	0xc32097d0	-160.593017578125
17	1	0	35	0x4202af45	32.67116165161133
17	1	1	277	0x41ab732e	21.43124008178711
17	1	2	157	0xc1900d1a	-18.006397247314453
17	1	3	30	0x418f63c3	17.9237117767334
17	2	0	35	0x420b1f1e	34.78038787841797
17	2	1	265	0x41989b88	19.075942993164062
17	2	2	62	0xc180e000	-16.109375
17	2	3	186	0xc178f180	-15.5589599609375
17	3	0	35	0x42172ea5	37.79555130004883
17	3	1	144	0x416cc205	14.797368049621582
17	3	2	164	0xc1695c4f	-14.585036277770996
17	3	3	18	0x41531c21	13.194367408752441
17	4	0	35	0x4201a535	32.41133499145508
17	4	1	122	0xc170c06f	-15.046980857849121
17	4	2	18	0x415fa7d1	13.978470802307129
17	4	3	162	0x4151ab35	13.10429859161377
17	5	0	35	0x41890668	17.128128051757812
17	5	1	18	0x41550e48	13.315986633300781
17	5	2	28	0x413c955c	11.78646469116211
17	5	3	1	0x413bf25a	11.746667861938477
17	6	0	35	0x42089bc1	34.152103424072266
17	6	1	28	0x415c4cea	13.768777847290039
17	6	2	18	0x4153534d	13.207837104797363
17	6	3	7	0xc13c0094	-11.750141143798828
17	7	0	35	0x41e4ad54	28.584632873535156
17	7	1	62	0xc18b6567	-17.42451286315918
17	7	2	277	0x4186e670	16.862518310546875
17	7	3	18	0x41516655	13.087483406066895
17	8	0	35	0x42349006	45.140647888183594
17	8	1	277	0x41490c88	12.565559387207031
17	8	2	39	0x413f2cd5	11.948445320129395
17	8	3	18	0x413c5fee	11.773420333862305
17	9	0	35	0x424ba48f	50.910701751708984
17	9	1	41	0x41690084	14.562625885009766
17	9	2	16	0xc154d65f	-13.302336692810059
17	9	3	131	0x41532330	13.196090698242188
17	10	0	35	0x42560b1e	53.51085662841797
17	10	1	7	0xc19c7ce5	-19.560983657836914
17	10	2	9	0xc164f7fb	-14.310542106628418
17	10	3	277	0x413f486c	11.955181121826172
17	11	0	35	0x423d6dc2	47.35718536376953
17	11	1	277	0x418e202f	17.765714645385742
17	11	2	18	0x4153a5ee	13.228010177612305
17	11	3	181	0x414df404	12.872074127197266
17	12	0	35	0x42240262	41.00232696533203
17	12	1	265	0x4186adde	16.834896087646484
17	12	2	28	0x414e5f24	12.89822769165039
17	12	3	18	0x4144a2df	12.289763450622559
17	13	0	35	0x42515da3	52.3414421081543
17	13	1	277	0x4162c7b8	14.173759460449219
17	13	2	36	0xc159b628	-13.606971740722656
17	13	3	18	0x4155df2d	13.366986274719238
17	14	0	35	0x42320c15	44.51179885864258
17	14	1	122	0xc187e0fd	-16.9848575592041
17	14	2	277	0x418054fc	16.04149627685547
17	14	3	18	0x415f84c5	13.969914436340332
17	15	0	35	0x4233dc10	44.96490478515625
17	15	1	18	0x415e8d8e	13.90955924987793
17	15	2	28	0x41583e75	13.51524829864502
17	15	3	277	0x414b4c55	12.706135749816895
17	16	0	35	0x42510c65	52.26210403442383
17	16	1	7	0xc184bb8e	-16.59157943725586
17	16	2	28	0x4154fb99	13.31142520904541
17	16	3	277	0x414ffda5	12.999424934387207
17	17	0	35	0x42341c9b	45.02793502807617
17	17	1	277	0x4184cc8b	16.59987449645996
17	17	2	28	0x41577722	13.466585159301758
17	17	3	161	0x414da265	12.852147102355957
18	0	0	35	0x45c8295e	6405.1708984375
18	0	1	13	0x441e3198	632.77490234375
18	0	2	1	0x43b8d6d7	369.6784362792969
18	0	3	277	0xc3205ad1	-160.35475158691406
18	1	0	35	0x4223adbc	40.91966247558594
18	1	1	277	0x41ce143c	25.75988006591797
18	1	2	30	0x41a85203	21.0400447845459
18	1	3	157	0xc1a15304	-20.16553497314453
18	2	0	35	0x4220dcb2	40.21552276611328
18	2	1	265	0x41ac2699	21.51884651184082
18	2	2	62	0xc1a86a88	-21.052017211914062
18	2	3	18	0x419271c0	18.3055419921875
18	3	0	35	0x42432de9	48.79483413696289
18	3	1	18	0x418fc66a	17.971881866455078
18	3	2	144	0x4177de8a	15.491830825805664
18	3	3	164	0xc174ef98	-15.308494567871094
18	4	0	35	0x42201198	40.017181396484375
18	4	1	18	0x419e2661	19.768739700317383
18	4	2	122	0xc186cc5b	-16.849782943725586
18	4	3	162	0x4180ac49	16.084123611450195
18	5	0	35	0x41ad5001	21.664064407348633
18	5	1	18	0x4199a72e	19.20663070678711
18	5	2	28	0x416a8e49	14.659737586975098
18	5	3	138	0x4160eb9a	14.057519912719727
18	6	0	35	0x4237d90d	45.96196365356445
18	6	1	18	0x41946602	18.549808502197266
18	6	2	7	0xc1852107	-16.64112663269043
18	6	3	28	0x418209ce	16.25478744506836
18	7	0	35	0x41f668e6	30.801219940185547
18	7	1	62	0xc1aa3627	-21.27644157409668
18	7	2	277	0x419a9dfa	19.327136993408203
18	7	3	18	0x41981b8b	19.01344871520996
18	8	0	35	0x426bb789	58.92923355102539
18	8	1	277	0x4181895e	16.192073822021484
18	8	2	23	0xc170d794	-15.052631378173828
18	8	3	18	0x416bd67b	14.739863395690918
18	9	0	35	0x428ff3fe	71.97654724121094
18	9	1	41	0x41941a1d	18.51275062561035
18	9	2	7	0xc191bf1a	-18.218311309814453
18	9	3	131	0x418a78b2	17.30893325805664
18	10	0	35	0x42826858	65.20379638671875
18	10	1	7	0xc1d80982	-27.004642486572266
18	10	2	9	0xc181fe9f	-16.249326705932617
18	10	3	277	0x418115ae	16.13558578491211
18	11	0	35	0x4265c433	57.44160079956055
18	11	1	277	0x41bb7adf	23.434995651245117
18	11	2	18	0x418d5585	17.666757583618164
18	11	3	181	0x415d9e10	13.851089477539062
18	12	0	35	0x4245249e	49.28575897216797
18	12	1	265	0x4190fdad	18.123865127563477
18	12	2	7	0xc1811945	-16.137338638305664
18	12	3	28	0x4180e674	16.112525939941406
18	13	0	35	0x4284d556	66.41667175292969
18	13	1	277	0x4199f9ac	19.246910095214844
18	13	2	18	0x418ab32c	17.337486267089844
18	13	3	36	0xc182e0a3	-16.35968589782715
18	14	0	35	0x426f62b1	59.846378326416016
18	14	1	277	0x41a4dbe5	20.607370376586914
18	14	2	18	0x4193d1cd	18.477441787719727
18	14	3	122	0xc193d134	-18.477149963378906
18	15	0	35	0x426601d0	57.50177001953125
18	15	1	18	0x419fa8f6	19.957500457763672
18	15	2	7	0xc19e21ed	-19.766565322875977
18	15	3	277	0x4187bd77	16.967512130737305
18	16	0	35	0x4283213c	65.56491088867188
18	16	1	7	0xc1c1dfaf	-24.234220504760742
18	16	2	18	0x41827ae3	16.31000328063965
18	16	3	2	0x4179a44a	15.602609634399414
18	17	0	35	0x42486753	50.10090255737305
18	17	1	277	0x41aa8241	21.313600540161133
18	17	2	2	0x4189cd72	17.22531509399414
18	17	3	28	0x41782d99	15.51113224029541
19	0	0	35	0x45c8729d	6414.32666015625
19	0	1	13	0x441e060a	632.0943603515625
19	0	2	1	0x43b9e0ed	371.7572326660156
19	0	3	277	0xc31e3fbc	-158.24896240234375
19	1	0	35	0x422cfe0e	43.24810028076172
19	1	1	277	0x41f3377d	30.4020938873291
19	1	2	62	0xc1db8127	-27.43806266784668
19	1	3	30	0x41d6c080	26.843994140625
19	2	0	35	0x4227a075	41.90669631958008
19	2	1	62	0xc1d4ad06	-26.584484100341797
19	2	2	18	0x41c14a6d	24.161340713500977
19	2	3	265	0x41a76974	20.926490783691406
19	3	0	35	0x426986be	58.38158416748047
19	3	1	18	0x41cb258a	25.393329620361328
19	3	2	277	0x419385f1	18.440401077270508
19	3	3	164	0xc190d9f3	-18.106420516967773
19	4	0	35	0x425c48f3	55.07123947143555
19	4	1	18	0x41d5fc6c	26.748252868652344
19	4	2	91	0xc1aa9a35	-21.32529640197754
19	4	3	122	0xc19d7190	-19.680450439453125
19	5	0	35	0x41ec45f2	29.53415298461914
19	5	1	18	0x41c86e64	25.05390167236328
19	5	2	28	0x418df030	17.742279052734375
19	5	3	138	0x41832d2a	16.397052764892578
19	6	0	35	0x42753dd8	61.310394287109375
19	6	1	18	0x41c7ed15	24.99076271057129
19	6	2	7	0xc1b7dd28	-22.982986450195312
19	6	3	28	0x41a41b78	20.513412475585938
19	7	0	35	0x423392a5	44.89320755004883
19	7	1	18	0x41cfc9cf	25.973539352416992
19	7	2	277	0x41c7e0ad	24.984704971313477
19	7	3	62	0xc1b7c848	-22.972793579101562
19	8	0	35	0x4297c47a	75.88374328613281
19	8	1	18	0x41ae3af7	21.778791427612305
19	8	2	277	0x41a163d6	20.173748016357422
19	8	3	45	0x41942c66	18.521678924560547
19	9	0	35	0x42bdb740	94.85791015625
19	9	1	45	0x41c56048	24.672012329101562
19	9	2	7	0xc1c1a7e4	-24.20697784423828
19	9	3	41	0x41c12df1	24.147432327270508
19	10	0	35	0x42aefe25	87.49637603759766
19	10	1	7	0xc218a51c	-38.16123962402344
19	10	2	277	0x41af5a83	21.9191951751709
19	10	3	9	0xc1a79fce	-20.95302963256836
19	11	0	35	0x4292842a	73.25813293457031
19	11	1	277	0x42007490	32.11383056640625
19	11	2	18	0x41ce6e5d	25.80388832092285
19	11	3	2	0x41b72d4a	22.897113800048828
19	12	0	35	0x42664006	57.562522888183594
19	12	1	18	0x41bb5c96	23.420207977294922
19	12	2	2	0x41b5ffe6	22.749950408935547
19	12	3	7	0xc1b133e8	-22.150344848632812
19	13	0	35	0x42a95856	84.67253112792969
19	13	1	18	0x41e02c17	28.021528244018555
19	13	2	277	0x41dfd5c4	27.97937774658203
19	13	3	36	0xc1abf62e	-21.49520492553711
19	14	0	35	0x429ed090	79.4073486328125
19	14	1	277	0x41d926da	27.143970489501953
19	14	2	18	0x41d1eb8e	26.24001693725586
19	14	3	2	0x41c249ab	24.28597068786621
19	15	0	35	0x4293d3bf	73.91356658935547
19	15	1	18	0x41f2016a	30.250690460205078
19	15	2	7	0xc1efb9f8	-29.965805053710938
19	15	3	277	0x41c27625	24.307687759399414
19	16	0	35	0x42a8d7b0	84.4212646484375
19	16	1	7	0xc211eb66	-36.479881286621094
19	16	2	2	0x41e30c68	28.381057739257812
19	16	3	18	0x41da1da2	27.264469146728516
19	17	0	35	0x4281f59f	64.97972869873047
19	17	1	2	0x420928dc	34.28990173339844
19	17	2	277	0x41edc2ce	29.72011947631836
19	17	3	18	0x41c529b6	24.645366668701172
20	0	0	35	0x45c89d0a	6419.6298828125
20	0	1	13	0x441e0cfa	632.2027587890625
20	0	2	1	0x43bb350f	374.4145202636719
20	0	3	277	0xc31cb663	-156.7124481201172
20	1	0	35	0x42794435	62.31660842895508
20	1	1	277	0x4219adb5	38.41963577270508
20	1	2	62	0xc205d0b5	-33.45381546020508
20	1	3	157	0xc1f177d5	-30.18351173400879
20	2	0	35	0x426b1892	58.77399444580078
20	2	1	62	0xc1f8846b	-31.06465721130371
20	2	2	265	0x41f05952	30.04361343383789
20	2	3	18	0x41c5127b	24.634023666381836
20	3	0	35	0x429fca46	79.89506530761719
20	3	1	18	0x41e6cfdc	28.85149383544922
20	3	2	144	0x41a32066	20.390819549560547
20	3	3	128	0x41a2c7fa	20.347644805908203
20	4	0	35	0x429256ec	73.16976928710938
20	4	1	18	0x41eb6483	29.4240779876709
20	4	2	91	0xc1da0bd1	-27.255769729614258
20	4	3	122	0xc1ba6123	-23.29743003845215
20	5	0	35	0x42162a9a	37.541603088378906
20	5	1	18	0x41cc8261	25.563661575317383
20	5	2	7	0xc199dfae	-19.23421859741211
20	5	3	28	0x419889b9	19.06724739074707
20	6	0	35	0x429db151	78.84632110595703
20	6	1	7	0xc1f90741	-31.128541946411133
20	6	2	18	0x41d156f2	26.16745376586914
20	6	3	28	0x41b1daa5	22.231760025024414
20	7	0	35	0x427eff83	63.7495231628418
20	7	1	18	0x41d4a216	26.579143524169922
20	7	2	62	0xc1d42b46	-26.521129608154297
20	7	3	13	0x41c11298	24.134078979492188
20	8	0	35	0x42d3ae72	105.84071350097656
20	8	1	45	0x41d29db2	26.32699966430664
20	8	2	18	0x41c6fa4d	24.872217178344727
20	8	3	39	0x41a03511	20.025911331176758
20	9	0	35	0x42f6f654	123.48110961914062
20	9	1	7	0xc213337b	-36.80027389526367
20	9	2	45	0x41f41d19	30.51420783996582
20	9	3	13	0x41f04f32	30.03866958618164
20	10	0	35	0x42eb8734	117.76406860351562
20	10	1	7	0xc2428ccf	-48.637508392333984
20	10	2	13	0x421c7ac7	39.11989974975586
20	10	3	18	0x41c5761d	24.68267250061035
20	11	0	35	0x42c0dc1c	96.42990112304688
20	11	1	13	0x422c2a5a	43.041358947753906
20	11	2	277	0x42173589	37.80228042602539
20	11	3	2	0x42077f7b	33.87449264526367
20	12	0	35	0x429f3994	79.61245727539062
20	12	1	13	0x42186a78	38.103973388671875
20	12	2	7	0xc2030dd6	-32.763511657714844
20	12	3	2	0x41f38c7d	30.4435977935791
20	13	0	35	0x42e27659	113.23114776611328
20	13	1	13	0x4224c19e	41.18907928466797
20	13	2	18	0x4203f343	32.9875602722168
20	13	3	277	0x41ff9115	31.94584083557129
20	14	0	35	0x42cba987	101.83110809326172
20	14	1	2	0x42042387	33.03469467163086
20	14	2	7	0xc202412f	-32.563655853271484
20	14	3	13	0x42012fd2	32.29669952392578
20	15	0	35	0x42beccdc	95.40011596679688
20	15	1	7	0xc225f50c	-41.48930358886719
20	15	2	18	0x4204446b	33.06681442260742
20	15	3	2	0x41fd46cd	31.659570693969727
20	16	0	35	0x42d67f42	107.24855041503906
20	16	1	7	0xc23d2434	-47.28535461425781
20	16	2	2	0x42222d0e	40.54399871826172
20	16	3	13	0x4217b6f0	37.92864990234375
20	17	0	35	0x42b10735	88.51407623291016
20	17	1	2	0x422c56aa	43.084632873535156
20	17	2	13	0x4219960a	38.396522521972656
20	17	3	7	0xc200eb9a	-32.230079650878906
21	0	0	35	0x45c8e6e2	6428.8603515625
21	0	1	13	0x44202528	640.58056640625
21	0	2	1	0x43bc0603	376.0469665527344
21	0	3	277	0xc31af752	-154.96609497070312
21	1	0	35	0x42da5428	109.16436767578125
21	1	1	13	0x42316d3e	44.35668182373047
21	1	2	277	0x422f1352	43.76886749267578
21	1	3	62	0xc2218ea0	-40.3892822265625
21	2	0	35	0x429b130f	77.53722381591797
21	2	1	62	0xc20cd323	-35.2061882019043
21	2	2	13	0x42014654	32.31867980957031
21	2	3	265	0x41ec6641	29.549928665161133
21	3	0	35	0x42ca53fc	101.16403198242188
21	3	1	13	0x420cfb5b	35.24546432495117
21	3	2	18	0x41fac96a	31.348346710205078
21	3	3	277	0x41e4513c	28.53966522216797
21	4	0	35	0x42bb4ccb	93.64998626708984
21	4	1	91	0xc1f151c4	-30.16492462158203
21	4	2	18	0x41edc7e5	29.722604751586914
21	4	3	122	0xc1ecb4a3	-29.58820152282715
21	5	0	35	0x42208227	40.12710189819336
21	5	1	13	0x41d78f96	26.945110321044922
21	5	2	18	0x41d1a738	26.206649780273438
21	5	3	7	0xc1c91301	-25.134279251098633
21	6	0	35	0x42aa0de1	85.02710723876953
21	6	1	7	0xc2175591	-37.833560943603516
21	6	2	13	0x42156004	37.34376525878906
21	6	3	2	0x41ee348c	29.775657653808594
21	7	0	35	0x42a015c5	80.04251861572266
21	7	1	13	0x423810e7	46.01650619506836
21	7	2	18	0x41e19d36	28.201763153076172
21	7	3	277	0x41dd47ce	27.66006088256836
21	8	0	35	0x430ba580	139.646484375
21	8	1	13	0x4249bbfe	50.43358612060547
21	8	2	45	0x41ef7b07	29.93507194519043
21	8	3	18	0x41e05df3	28.045873641967773
21	9	0	35	0x431cc7e2	156.78079223632812
21	9	1	13	0x42785414	62.08210754394531
21	9	2	7	0xc2353d5f	-45.309932708740234
21	9	3	45	0x420f0779	35.75729751586914
21	10	0	35	0x43184895	152.2835235595703
21	10	1	13	0x4296e2fe	75.44334411621094
21	10	2	7	0xc2654a52	-57.32257843017578
21	10	3	2	0x421d08ea	39.258705139160156
21	11	0	35	0x43034e60	131.30615234375
21	11	1	13	0x42ab6567	85.69805145263672
21	11	2	277	0x423f2ba3	47.7926139831543
21	11	3	2	0x423a8d1e	46.63780975341797
21	12	0	35	0x42d6a448	107.32086181640625
21	12	1	13	0x4292ca62	73.39527893066406
21	12	2	2	0x42240398	41.003509521484375
21	12	3	7	0xc2218e4c	-40.38896179199219
21	13	0	35	0x430da79c	141.65472412109375
21	13	1	13	0x429fc6c6	79.88822937011719
21	13	2	2	0x423723a4	45.78480529785156
21	13	3	277	0x4228818d	42.12651443481445
21	14	0	35	0x42f49c72	122.30555725097656
21	14	1	13	0x428d8def	70.77721405029297
21	14	2	2	0x422b91e8	42.892486572265625
21	14	3	7	0xc21e33d2	-39.55060577392578
21	15	0	35	0x42ea5923	117.1740951538086
21	15	1	13	0x42593a93	54.30720138549805
21	15	2	7	0xc252b191	-52.673404693603516
21	15	3	2	0x4221ddec	40.46672058105469
21	16	0	35	0x4307e24e	135.88400268554688
21	16	1	13	0x4287712d	67.7210464477539
21	16	2	7	0xc26476fa	-57.116188049316406
21	16	3	2	0x424a3858	50.555023193359375
21	17	0	35	0x42d9eed6	108.96647644042969
21	17	1	13	0x429729a1	75.58130645751953
21	17	2	2	0x4258c5cc	54.19316101074219
21	17	3	7	0xc222863d	-40.6310920715332
22	0	0	35	0x45c90f74	6433.931640625
22	0	1	13	0x44220478	648.06982421875
22	0	2	1	0x43bceb8d	377.8402404785156
22	0	3	277	0xc319f5f5	-153.9607696533203
22	1	0	35	0x431c7d58	156.4896240234375
22	1	1	13	0x42a5bf80	82.8740234375
22	1	2	62	0xc243c686	-48.943870544433594
22	1	3	277	0x4242c2ea	48.690345764160156
22	2	0	35	0x42deef91	111.46790313720703
22	2	1	13	0x4286bcb3	67.3685531616211
22	2	2	62	0xc22c4f19	-43.07724380493164
22	2	3	7	0xc20d1c0b	-35.27738571166992
22	3	0	35	0x43082534	136.14532470703125
22	3	1	13	0x4279074c	62.25712585449219
22	3	2	2	0x4227a944	41.91529846191406
22	3	3	18	0x420ca752	35.16339874267578
22	4	0	35	0x42ee328c	119.09872436523438
22	4	1	13	0x42411772	48.27289581298828
22	4	2	18	0x42114a50	36.32257080078125
22	4	3	91	0xc20e6845	-35.60182571411133
22	5	0	35	0x428062e9	64.19318389892578
22	5	1	13	0x42320ede	44.51451873779297
22	5	2	18	0x42098619	34.38095474243164
22	5	3	7	0xc2000332	-32.00312042236328
22	6	0	35	0x42d2ad76	105.33879089355469
22	6	1	13	0x425c0f64	55.01502990722656
22	6	2	7	0xc22c8ce8	-43.137603759765625
22	6	3	2	0x42181944	38.02467346191406
22	7	0	35	0x42d3f50e	105.97862243652344
22	7	1	13	0x42812330	64.5687255859375
22	7	2	2	0x42048eec	33.13957214355469
22	7	3	18	0x42046164	33.09510803222656
22	8	0	35	0x432fcbef	175.79661560058594
22	8	1	13	0x42a79c9b	83.80587005615234
22	8	2	2	0x42369b1b	45.65147018432617
22	8	3	45	0x420aa9e2	34.66590118408203
22	9	0	35	0x4344affe	196.68746948242188
22	9	1	13	0x42d67676	107.23136901855469
22	9	2	7	0xc25cb995	-55.18123245239258
22	9	3	2	0x4255c961	53.446659088134766
22	10	0	35	0x43429f9a	194.62344360351562
22	10	1	13	0x42f6da89	123.42682647705078
22	10	2	7	0xc28daefe	-70.84178161621094
22	10	3	2	0x4270f6e5	60.24110794067383
22	11	0	35	0x4330d722	176.84036254882812
22	11	1	13	0x43050e6e	133.05636596679688
22	11	2	2	0x4290f214	72.47280883789062
22	11	3	277	0x42553d83	53.3100700378418
22	12	0	35	0x43228360	162.51318359375
22	12	1	13	0x43071a3e	135.10250854492188
22	12	2	2	0x427edd08	63.715850830078125
22	12	3	7	0xc24eb8ca	-51.680458068847656
22	13	0	35	0x434511bc	197.06927490234375
22	13	1	13	0x4306df7d	134.8730010986328
22	13	2	2	0x4291d008	72.90631103515625
22	13	3	277	0x4249d2a4	50.45570373535156
22	14	0	35	0x4327eb7e	167.91989135742188
22	14	1	13	0x42f0fe1c	120.49630737304688
22	14	2	2	0x427cdd69	63.21622085571289
22	14	3	277	0x42392b5f	46.292354583740234
22	15	0	35	0x43217f00	161.49609375
22	15	1	13	0x42c741c4	99.62844848632812
22	15	2	2	0x42797670	62.36566162109375
22	15	3	7	0xc2767ade	-61.61998748779297
22	16	0	35	0x433820ac	184.12762451171875
22	16	1	13	0x42e89132	116.28358459472656
22	16	2	2	0x42891f06	68.56059265136719
22	16	3	7	0xc2884380	-68.1318359375
22	17	0	35	0x4317633b	151.3876190185547
22	17	1	13	0x42f151ce	120.65977478027344
22	17	2	2	0x429c019f	78.00316619873047
22	17	3	7	0xc251582f	-52.336116790771484
23	0	0	35	0x45c94433	6440.52490234375
23	0	1	13	0x442445c7	657.0902709960938
23	0	2	1	0x43be946e	381.15960693359375
23	0	3	277	0xc318d6a1	-152.83839416503906
23	1	0	35	0x433d7863	189.4702606201172
23	1	1	13	0x42f166be	120.70066833496094
23	1	2	2	0x4256db48	53.714141845703125
23	1	3	62	0xc256d494	-53.70759582519531
23	2	0	35	0x430df0b0	141.940185546875
23	2	1	13	0x42af9f29	87.81085968017578
23	2	2	62	0xc23f04fc	-47.75486755371094
23	2	3	2	0x423d6d58	47.356781005859375
23	3	0	35	0x43139bd5	147.6087188720703
23	3	1	13	0x42b0c606	88.38676452636719
23	3	2	2	0x425fc187	55.93899154663086
23	3	3	277	0x420f29e8	35.790924072265625
23	4	0	35	0x4303c0fd	131.7538604736328
23	4	1	13	0x4292f748	73.48297119140625
23	4	2	2	0x424e7edb	51.62388229370117
23	4	3	18	0x420e5450	35.58233642578125
23	5	0	35	0x42b3154d	89.5416030883789
23	5	1	13	0x42866ae7	67.20879364013672
23	5	2	18	0x420f8af9	35.88571548461914
23	5	3	7	0xc20cf36a	-35.237709045410156
23	6	0	35	0x42f56f6b	122.71761322021484
23	6	1	13	0x4293e280	73.9423828125
23	6	2	2	0x424f864e	51.88115692138672
23	6	3	7	0xc237d460	-45.9573974609375
23	7	0	35	0x42f96d92	124.71400451660156
23	7	1	13	0x42b290db	89.28292083740234
23	7	2	2	0x42595b12	54.33893585205078
23	7	3	7	0xc20fc250	-35.93975830078125
23	8	0	35	0x435160dd	209.3783721923828
23	8	1	13	0x42fd0584	126.51077270507812
23	8	2	2	0x42847431	66.22693634033203
23	8	3	45	0x42217bf7	40.37105941772461
23	9	0	35	0x43693c7d	233.2362823486328
23	9	1	13	0x4313033a	147.01260375976562
23	9	2	2	0x429a9048	77.28179931640625
23	9	3	7	0xc26e8e24	-59.63880920410156
23	10	0	35	0x436814fe	232.08200073242188
23	10	1	13	0x4322e9ba	162.91299438476562
23	10	2	2	0x42b23bfd	89.1171646118164
23	10	3	7	0xc295ae9b	-74.84102630615234
23	11	0	35	0x434e1800	206.09375
23	11	1	13	0x4324ad6b	164.6774139404297
23	11	2	2	0x42c20c03	97.0234603881836
23	11	3	277	0x425aede2	54.73230743408203
23	12	0	35	0x433f6daa	191.42837524414062
23	12	1	13	0x43226ad1	162.41725158691406
23	12	2	2	0x42afe9f6	87.95695495605469
23	12	3	7	0xc261e5d5	-56.47444534301758
23	13	0	35	0x43585bdb	216.3588104248047
23	13	1	13	0x4325d11a	165.81680297851562
23	13	2	2	0x42bb376f	93.60826873779297
23	13	3	18	0x42601879	56.02389907836914
23	14	0	35	0x4348a250	200.634033203125
23	14	1	13	0x431d8782	157.52932739257812
23	14	2	2	0x42b221b2	89.06581115722656
23	14	3	277	0x4258c872	54.19574737548828
23	15	0	35	0x433e2f28	190.1842041015625
23	15	1	13	0x43058990	133.537353515625
23	15	2	2	0x42a0eded	80.4646987915039
23	15	3	7	0xc282af4a	-65.34236145019531
23	16	0	35	0x4359641f	217.39109802246094
23	16	1	13	0x431c6cae	156.42453002929688
23	16	2	2	0x42bd4a28	94.64483642578125
23	16	3	7	0xc29508e7	-74.51738739013672
23	17	0	35	0x43346815	180.4065704345703
23	17	1	13	0x431f26a1	159.15089416503906
23	17	2	2	0x42cea81a	103.32832336425781
23	17	3	7	0xc26a9c0c	-58.65238952636719
24	0	0	35	0x45c96456	6444.5419921875
24	0	1	13	0x4428641b	673.5641479492188
24	0	2	1	0x43c07d68	384.979736328125
24	0	3	277	0xc3186289	-152.38490295410156
24	1	0	35	0x436e5e76	238.36898803710938
24	1	1	13	0x433610b2	182.06521606445312
24	1	2	2	0x42c2d5fa	97.41792297363281
24	1	3	277	0x426c5e78	59.092254638671875
24	2	0	35	0x4325bffc	165.74993896484375
24	2	1	13	0x42f94e34	124.65274047851562
24	2	2	2	0x429253bb	73.16353607177734
24	2	3	62	0xc24b163f	-50.771724700927734
24	3	0	35	0x43398db0	185.553466796875
24	3	1	13	0x430b03b5	139.0144805908203
24	3	2	2	0x42b67e54	91.24673461914062
24	3	3	18	0x422567c7	41.35134506225586
24	4	0	35	0x43277187	167.44346618652344
24	4	1	13	0x42e56c5c	114.71163940429688
24	4	2	2	0x42a55047	82.65679168701172
24	4	3	18	0x4213aeec	36.92082214355469
24	5	0	35	0x42f00b82	120.02247619628906
24	5	1	13	0x42d85128	108.15850830078125
24	5	2	2	0x428dbe34	70.87149047851562
24	5	3	7	0xc237acf7	-45.91891098022461
24	6	0	35	0x43080e0a	136.05484008789062
24	6	1	13	0x42d78f2f	107.77965545654297
24	6	2	2	0x42a97179	84.72162628173828
24	6	3	7	0xc25c20c8	-55.032012939453125
24	7	0	35	0x430cc6da	140.77676391601562
24	7	1	13	0x42f77eb9	123.74750518798828
24	7	2	2	0x42a2f79f	81.48363494873047
24	7	3	7	0xc229d271	-42.455509185791016
24	8	0	35	0x4379cf94	249.81085205078125
24	8	1	13	0x432f41f7	175.25767517089844
24	8	2	2	0x42dd9e16	110.80876159667969
24	8	3	45	0x4233e1e6	44.970603942871094
24	9	0	35	0x438b96d3	279.1783142089844
24	9	1	13	0x434e8a91	206.54127502441406
24	9	2	2	0x42ed098c	118.51864624023438
24	9	3	7	0xc28c360f	-70.10558319091797
24	10	0	35	0x43912724	290.3057861328125
24	10	1	13	0x4363c154	227.75518798828125
24	10	2	2	0x4303dd75	131.8650665283203
24	10	3	7	0xc2b477ea	-90.23420715332031
24	11	0	35	0x437fbe5e	255.74362182617188
24	11	1	13	0x435730c1	215.19044494628906
24	11	2	2	0x43084c05	136.2969512939453
24	11	3	277	0x427b6ed9	62.85824966430664
24	12	0	35	0x436fcab8	239.7918701171875
24	12	1	13	0x435bd14c	219.81756591796875
24	12	2	2	0x42f85a16	124.17594909667969
24	12	3	7	0xc286d0ec	-67.40805053710938
24	13	0	35	0x4387a5ba	271.29473876953125
24	13	1	13	0x4368ce9d	232.8070831298828
24	13	2	2	0x43093541	137.20802307128906
24	13	3	18	0x4288ddb4	68.43301391601562
24	14	0	35	0x437ba7bc	251.65521240234375
24	14	1	13	0x435daec8	221.6827392578125
24	14	2	2	0x4307413d	135.2548370361328
24	14	3	7	0xc282105d	-65.0319595336914
24	15	0	35	0x43747ddf	244.49168395996094
24	15	1	13	0x43452a58	197.1654052734375
24	15	2	2	0x43026acd	130.4171905517578
24	15	3	7	0xc2a102be	-80.50535583496094
24	16	0	35	0x438cea65	281.8312072753906
24	16	1	13	0x43645040	228.3134765625
24	16	2	2	0x43047ee5	132.4956817626953
24	16	3	7	0xc2b5563a	-90.66841125488281
24	17	0	35	0x43691a62	233.10305786132812
24	17	1	13	0x435fe6a4	223.90093994140625
24	17	2	2	0x430d0c84	141.04888916015625
24	17	3	7	0xc28d0540	-70.51025390625
25	0	0	35	0x45c96725	6444.89306640625
25	0	1	13	0x442d5ce1	693.4512329101562
25	0	2	1	0x43c43fe9	392.4992980957031
25	0	3	277	0xc318ae2f	-152.68040466308594
25	1	0	35	0x438b7074	278.8785400390625
25	1	1	13	0x436c0eb5	236.0574493408203
25	1	2	2	0x430d6283	141.3848114013672
25	1	3	62	0xc277f47e	-61.98876190185547
25	2	0	35	0x435ec4e6	222.76913452148438
25	2	1	13	0x434bbf81	203.74806213378906
25	2	2	2	0x43094c8a	137.29898071289062
25	2	3	62	0xc25f1421	-55.769657135009766
25	3	0	35	0x4367ecc4	231.92486572265625
25	3	1	13	0x434a35bb	202.2098846435547
25	3	2	2	0x4307c49c	135.76800537109375
25	3	3	18	0x422c5128	43.079254150390625
25	4	0	35	0x4362a898	226.6585693359375
25	4	1	13	0x433cfa1e	188.97702026367188
25	4	2	2	0x4313d4f8	147.8319091796875
25	4	3	91	0xc224fce6	-41.246971130371094
25	5	0	35	0x434d21ac	205.13153076171875
25	5	1	13	0x434cf5f8	204.9608154296875
25	5	2	2	0x4311984a	145.59487915039062
25	5	3	7	0xc25ae309	-54.72171401977539
25	6	0	35	0x433d6422	189.39114379882812
25	6	1	13	0x4331d8a2	177.84622192382812
25	6	2	2	0x430648b6	134.28402709960938
25	6	3	7	0xc26ddc11	-59.464908599853516
25	7	0	13	0x4341473e	193.27828979492188
25	7	1	35	0x433ce117	188.87925720214844
25	7	2	2	0x4306485c	134.28265380859375
25	7	3	7	0xc23bd745	-46.96022415161133
25	8	0	35	0x43978be1	303.0928039550781
25	8	1	13	0x436ec581	238.77149963378906
25	8	2	2	0x43223a1c	162.22698974609375
25	8	3	45	0x4246cae1	49.698123931884766
25	9	0	35	0x43a4dd8b	329.7308044433594
25	9	1	13	0x43862b82	268.33990478515625
25	9	2	2	0x432c7a17	172.47691345214844
25	9	3	7	0xc29c13d2	-78.03871154785156
25	10	0	35	0x43aae0b8	341.755615234375
25	10	1	13	0x438cff71	281.9956359863281
25	10	2	2	0x43307f13	176.4963836669922
25	10	3	7	0xc2c9a8c0	-100.82958984375
25	11	0	35	0x439542be	298.52142333984375
25	11	1	13	0x43830f33	262.1187438964844
25	11	2	2	0x43361628	182.0865478515625
25	11	3	7	0xc2957da8	-74.74542236328125
25	12	0	35	0x439478eb	296.9446716308594
25	12	1	13	0x438e7236	284.89227294921875
25	12	2	2	0x433ed369	190.82582092285156
25	12	3	7	0xc299ac1e	-76.83616638183594
25	13	0	35	0x43938a0e	295.07855224609375
25	13	1	13	0x4387b9db	271.4519958496094
25	13	2	2	0x432a9de7	170.61680603027344
25	13	3	18	0x4295e494	74.94644165039062
25	14	0	35	0x439ca6b7	313.3024597167969
25	14	1	13	0x4393e96f	295.8236999511719
25	14	2	2	0x4346500a	198.31265258789062
25	14	3	7	0xc291aa6f	-72.83287811279297
25	15	0	35	0x439d14ae	314.16156005859375
25	15	1	13	0x43871c8f	270.2231140136719
25	15	2	2	0x433c4fef	188.31224060058594
25	15	3	7	0xc2b09cdf	-88.30638885498047
25	16	0	35	0x43a77c1c	334.9696044921875
25	16	1	13	0x43901120	288.1337890625
25	16	2	2	0x4333acb4	179.67462158203125
25	16	3	7	0xc2c9a97d	-100.8310317993164
25	17	0	35	0x438cd8b3	281.6929626464844
25	17	1	13	0x4389140e	274.15667724609375
25	17	2	2	0x433de43c	189.89154052734375
25	17	3	7	0xc2a29cb1	-81.30603790283203
26	0	0	35	0x45bfc5b1	6136.71142578125
26	0	1	13	0x442843b8	673.05810546875
26	0	2	1	0x440e14fe	568.3280029296875
26	0	3	277	0xc2c09954	-96.29946899414062
26	1	0	35	0x4391116d	290.1361389160156
26	1	1	13	0x43837d6f	262.9799499511719
26	1	2	2	0x43298923	169.5356903076172
26	1	3	62	0xc28d3d30	-70.6195068359375
26	2	0	35	0x435a3f9a	218.24844360351562
26	2	1	13	0x43560355	214.0130157470703
26	2	2	2	0x431c1f58	156.1224365234375
26	2	3	7	0xc26284a9	-56.62955093383789
26	3	0	35	0x436bae35	235.6804962158203
26	3	1	13	0x435461a6	212.38143920898438
26	3	2	2	0x432a2b51	170.16920471191406
26	3	3	18	0x4240da3c	48.21311950683594
26	4	0	35	0x435b6cd5	219.4251251220703
26	4	1	13	0x43420098	194.0023193359375
26	4	2	2	0x4326ba79	166.72840881347656
26	4	3	45	0x423d3b28	47.307769775390625
26	5	0	13	0x4359116a	217.06802368164062
26	5	1	35	0x434c1ded	204.1168975830078
26	5	2	2	0x43266596	166.39682006835938
26	5	3	7	0xc25df261	-55.486698150634766
26	6	0	35	0x433ba7aa	187.65493774414062
26	6	1	13	0x433a78a8	186.4713134765625
26	6	2	2	0x431f19a5	159.1001739501953
26	6	3	7	0xc27d3300	-63.2998046875
26	7	0	13	0x434b3600	203.2109375
26	7	1	35	0x4343c990	195.787353515625
26	7	2	2	0x4329523e	169.32125854492188
26	7	3	7	0xc245ee62	-49.48279571533203
26	8	0	35	0x43a7d755	335.6822814941406
26	8	1	13	0x438879ec	272.9525146484375
26	8	2	2	0x434b8720	203.52783203125
26	8	3	45	0x424575f6	49.365196228027344
26	9	0	35	0x43add21d	347.6415100097656
26	9	1	13	0x43922b1d	292.3368225097656
26	9	2	2	0x434de209	205.88294982910156
26	9	3	7	0xc2950ec9	-74.52887725830078
26	10	0	35	0x43b1b937	355.4469909667969
26	10	1	13	0x43950182	298.01177978515625
26	10	2	2	0x434eaa3d	206.6649932861328
26	10	3	7	0xc2d963f3	-108.6952133178711
26	11	0	35	0x43b30510	358.03955078125
26	11	1	13	0x439f0db8	318.107177734375
26	11	2	2	0x438191d1	259.1391906738281
26	11	3	7	0xc2a3469e	-81.63792419433594
26	12	0	35	0x43a3317b	326.3865661621094
26	12	1	13	0x439bfe27	311.9855651855469
26	12	2	2	0x437ebdaa	254.74087524414062
26	12	3	7	0xc2a23bed	-81.1170425415039
26	13	0	35	0x43a7f0b7	335.8805847167969
26	13	1	13	0x439de61e	315.79779052734375
26	13	2	2	0x436d42a2	237.26028442382812
26	13	3	277	0x429f9eb2	79.80995178222656
26	14	0	35	0x43af7d00	350.9765625
26	14	1	13	0x43a9fec3	339.9903259277344
26	14	2	2	0x436fa7c5	239.6553497314453
26	14	3	7	0xc29955cb	-76.66756439208984
26	15	0	35	0x43af19cd	350.2015686035156
26	15	1	13	0x4398a81a	305.31329345703125
26	15	2	2	0x436b986e	235.59542846679688
26	15	3	7	0xc2ba0256	-93.00456237792969
26	16	0	35	0x43b4c264	361.5186767578125
26	16	1	13	0x43a18081	323.0039367675781
26	16	2	2	0x4369c6ce	233.77658081054688
26	16	3	7	0xc2dbfbd0	-109.9918212890625
26	17	0	35	0x43ab1a0b	342.2034606933594
26	17	1	13	0x43a73c62	334.47174072265625
26	17	2	2	0x438afb42	277.96295166015625
26	17	3	7	0xc2b2c443	-89.3833236694336
27	0	0	35	0x43e31260	454.1435546875
27	0	1	7	0xc33cc9c1	-188.78810119628906
27	0	2	2	0xc30713b4	-135.07696533203125
27	0	3	13	0xc2d9a520	-108.822509765625
27	1	0	35	0x436f653e	239.39547729492188
27	1	1	13	0x435e09de	222.03854370117188
27	1	2	2	0x43133298	147.1976318359375
27	1	3	370	0xc29cb6d6	-78.35710144042969
27	2	0	13	0x4335a33a	181.63760375976562
27	2	1	35	0x4331a94c	177.66131591796875
27	2	2	2	0x4309ce5e	137.80612182617188
27	2	3	7	0xc2833022	-65.59400939941406
27	3	0	35	0x434e4660	206.27490234375
27	3	1	13	0x4340b0af	192.69017028808594
27	3	2	2	0x43206070	160.376708984375
27	3	3	9	0x426fb0f4	59.92280578613281
27	4	0	35	0x4345e419	197.89100646972656
27	4	1	13	0x43317190	177.443603515625
27	4	2	2	0x4323f894	163.97100830078125
27	4	3	27	0xc2756fd4	-61.35920715332031
27	5	0	13	0x436c5895	236.3460235595703
27	5	1	35	0x435cb73e	220.71578979492188
27	5	2	2	0x434104d2	193.01882934570312
27	5	3	27	0xc253d24c	-52.95536804199219
27	6	0	13	0x433a1fb8	186.1239013671875
27	6	1	35	0x4332de9c	178.86956787109375
27	6	2	2	0x43288986	168.53720092773438
27	6	3	7	0xc2947c43	-74.2426986694336
27	7	0	13	0x432d4ff3	173.3123016357422
27	7	1	35	0x4323b304	163.69927978515625
27	7	2	2	0x43135938	147.3485107421875
27	7	3	16	0x42694151	58.313785552978516
27	8	0	35	0x438ed4f9	285.6638488769531
27	8	1	13	0x4369afc4	233.68658447265625
27	8	2	2	0x433a0a1c	186.03948974609375
27	8	3	14	0xc2816188	-64.69049072265625
27	9	0	35	0x43988831	305.0639953613281
27	9	1	13	0x43856d92	266.85601806640625
27	9	2	2	0x4342c65c	194.77484130859375
27	9	3	361	0xc2c9ff98	-100.99920654296875
27	10	0	35	0x4393b7c2	295.43560791015625
27	10	1	13	0x43800224	256.0167236328125
27	10	2	2	0x4335cc9e	181.79928588867188
27	10	3	7	0xc2d68f6f	-107.28014373779297
27	11	0	35	0x439a0d27	308.1027526855469
27	11	1	13	0x438e1de9	284.2336730957031
27	11	2	2	0x43716409	241.39076232910156
27	11	3	27	0xc2d3e41b	-105.94551849365234
27	12	0	35	0x439139ee	290.45257568359375
27	12	1	13	0x43900e7a	288.11309814453125
27	12	2	2	0x437706a3	247.0259246826172
27	12	3	27	0xc2bad182	-93.40919494628906
27	13	0	35	0x43947de0	296.9833984375
27	13	1	13	0x439412c7	296.1466979980469
27	13	2	2	0x4365e57e	229.89645385742188
27	13	3	370	0xc2cb0ce2	-101.52516174316406
27	14	0	13	0x438c82a5	281.0206604003906
27	14	1	35	0x438a9e15	277.2350158691406
27	14	2	2	0x434b544a	203.32925415039062
27	14	3	370	0xc2bcd5dd	-94.4177017211914
27	15	0	35	0x438f63ae	286.77874755859375
27	15	1	13	0x437d7f58	253.4974365234375
27	15	2	2	0x434cdd68	204.8648681640625
27	15	3	370	0xc2c20ac2	-97.02101135253906
27	16	0	35	0x43b807b5	368.0602111816406
27	16	1	13	0x43ac91b4	345.1383056640625
27	16	2	2	0x43819638	259.173583984375
27	16	3	16	0x42e7a76b	115.82698822021484
27	17	0	13	0x439cfbe1	313.9678039550781
27	17	1	35	0x439a95f0	309.17138671875
27	17	2	2	0x4387cad8	271.584716796875
27	17	3	27	0xc2cd6fc0	-102.71826171875
