pass	stage	query_position	key_position	value_hex
prefill	prefill	0	0	0x80000000
prefill	prefill	0	1	0xff7fffff
prefill	prefill	0	2	0xff7fffff
prefill	prefill	0	3	0xff7fffff
prefill	prefill	0	4	0xff7fffff
prefill	prefill	0	5	0xff7fffff
prefill	prefill	0	6	0xff7fffff
prefill	prefill	0	7	0xff7fffff
prefill	prefill	0	8	0xff7fffff
prefill	prefill	0	9	0xff7fffff
prefill	prefill	1	0	0x80000000
prefill	prefill	1	1	0x80000000
prefill	prefill	1	2	0xff7fffff
prefill	prefill	1	3	0xff7fffff
prefill	prefill	1	4	0xff7fffff
prefill	prefill	1	5	0xff7fffff
prefill	prefill	1	6	0xff7fffff
prefill	prefill	1	7	0xff7fffff
prefill	prefill	1	8	0xff7fffff
prefill	prefill	1	9	0xff7fffff
prefill	prefill	2	0	0x80000000
prefill	prefill	2	1	0x80000000
prefill	prefill	2	2	0x80000000
prefill	prefill	2	3	0xff7fffff
prefill	prefill	2	4	0xff7fffff
prefill	prefill	2	5	0xff7fffff
prefill	prefill	2	6	0xff7fffff
prefill	prefill	2	7	0xff7fffff
prefill	prefill	2	8	0xff7fffff
prefill	prefill	2	9	0xff7fffff
prefill	prefill	3	0	0x80000000
prefill	prefill	3	1	0x80000000
prefill	prefill	3	2	0x80000000
prefill	prefill	3	3	0x80000000
prefill	prefill	3	4	0xff7fffff
prefill	prefill	3	5	0xff7fffff
prefill	prefill	3	6	0xff7fffff
prefill	prefill	3	7	0xff7fffff
prefill	prefill	3	8	0xff7fffff
prefill	prefill	3	9	0xff7fffff
prefill	prefill	4	0	0x80000000
prefill	prefill	4	1	0x80000000
prefill	prefill	4	2	0x80000000
prefill	prefill	4	3	0x80000000
prefill	prefill	4	4	0x80000000
prefill	prefill	4	5	0xff7fffff
prefill	prefill	4	6	0xff7fffff
prefill	prefill	4	7	0xff7fffff
prefill	prefill	4	8	0xff7fffff
prefill	prefill	4	9	0xff7fffff
prefill	prefill	5	0	0x80000000
prefill	prefill	5	1	0x80000000
prefill	prefill	5	2	0x80000000
prefill	prefill	5	3	0x80000000
prefill	prefill	5	4	0x80000000
prefill	prefill	5	5	0x80000000
prefill	prefill	5	6	0xff7fffff
prefill	prefill	5	7	0xff7fffff
prefill	prefill	5	8	0xff7fffff
prefill	prefill	5	9	0xff7fffff
prefill	prefill	6	0	0x80000000
prefill	prefill	6	1	0x80000000
prefill	prefill	6	2	0x80000000
prefill	prefill	6	3	0x80000000
prefill	prefill	6	4	0x80000000
prefill	prefill	6	5	0x80000000
prefill	prefill	6	6	0x80000000
prefill	prefill	6	7	0xff7fffff
prefill	prefill	6	8	0xff7fffff
prefill	prefill	6	9	0xff7fffff
prefill	prefill	7	0	0x80000000
prefill	prefill	7	1	0x80000000
prefill	prefill	7	2	0x80000000
prefill	prefill	7	3	0x80000000
prefill	prefill	7	4	0x80000000
prefill	prefill	7	5	0x80000000
prefill	prefill	7	6	0x80000000
prefill	prefill	7	7	0x80000000
prefill	prefill	7	8	0xff7fffff
prefill	prefill	7	9	0xff7fffff
prefill	prefill	8	0	0x80000000
prefill	prefill	8	1	0x80000000
prefill	prefill	8	2	0x80000000
prefill	prefill	8	3	0x80000000
prefill	prefill	8	4	0x80000000
prefill	prefill	8	5	0x80000000
prefill	prefill	8	6	0x80000000
prefill	prefill	8	7	0x80000000
prefill	prefill	8	8	0x80000000
prefill	prefill	8	9	0xff7fffff
prefill	prefill	9	0	0x80000000
prefill	prefill	9	1	0x80000000
prefill	prefill	9	2	0x80000000
prefill	prefill	9	3	0x80000000
prefill	prefill	9	4	0x80000000
prefill	prefill	9	5	0x80000000
prefill	prefill	9	6	0x80000000
prefill	prefill	9	7	0x80000000
prefill	prefill	9	8	0x80000000
prefill	prefill	9	9	0x80000000
decode-1	decode	10	0	0x80000000
decode-1	decode	10	1	0x80000000
decode-1	decode	10	2	0x80000000
decode-1	decode	10	3	0x80000000
decode-1	decode	10	4	0x80000000
decode-1	decode	10	5	0x80000000
decode-1	decode	10	6	0x80000000
decode-1	decode	10	7	0x80000000
decode-1	decode	10	8	0x80000000
decode-1	decode	10	9	0x80000000
decode-1	decode	10	10	0x80000000
decode-2	decode	11	0	0x80000000
decode-2	decode	11	1	0x80000000
decode-2	decode	11	2	0x80000000
decode-2	decode	11	3	0x80000000
decode-2	decode	11	4	0x80000000
decode-2	decode	11	5	0x80000000
decode-2	decode	11	6	0x80000000
decode-2	decode	11	7	0x80000000
decode-2	decode	11	8	0x80000000
decode-2	decode	11	9	0x80000000
decode-2	decode	11	10	0x80000000
decode-2	decode	11	11	0x80000000
decode-3	decode	12	0	0x80000000
decode-3	decode	12	1	0x80000000
decode-3	decode	12	2	0x80000000
decode-3	decode	12	3	0x80000000
decode-3	decode	12	4	0x80000000
decode-3	decode	12	5	0x80000000
decode-3	decode	12	6	0x80000000
decode-3	decode	12	7	0x80000000
decode-3	decode	12	8	0x80000000
decode-3	decode	12	9	0x80000000
decode-3	decode	12	10	0x80000000
decode-3	decode	12	11	0x80000000
decode-3	decode	12	12	0x80000000
decode-4	decode	13	0	0x80000000
decode-4	decode	13	1	0x80000000
decode-4	decode	13	2	0x80000000
decode-4	decode	13	3	0x80000000
decode-4	decode	13	4	0x80000000
decode-4	decode	13	5	0x80000000
decode-4	decode	13	6	0x80000000
decode-4	decode	13	7	0x80000000
decode-4	decode	13	8	0x80000000
decode-4	decode	13	9	0x80000000
decode-4	decode	13	10	0x80000000
decode-4	decode	13	11	0x80000000
decode-4	decode	13	12	0x80000000
decode-4	decode	13	13	0x80000000
decode-5	decode	14	0	0x80000000
decode-5	decode	14	1	0x80000000
decode-5	decode	14	2	0x80000000
decode-5	decode	14	3	0x80000000
decode-5	decode	14	4	0x80000000
decode-5	decode	14	5	0x80000000
decode-5	decode	14	6	0x80000000
decode-5	decode	14	7	0x80000000
decode-5	decode	14	8	0x80000000
decode-5	decode	14	9	0x80000000
decode-5	decode	14	10	0x80000000
decode-5	decode	14	11	0x80000000
decode-5	decode	14	12	0x80000000
decode-5	decode	14	13	0x80000000
decode-5	decode	14	14	0x80000000
decode-6	decode	15	0	0x80000000
decode-6	decode	15	1	0x80000000
decode-6	decode	15	2	0x80000000
decode-6	decode	15	3	0x80000000
decode-6	decode	15	4	0x80000000
decode-6	decode	15	5	0x80000000
decode-6	decode	15	6	0x80000000
decode-6	decode	15	7	0x80000000
decode-6	decode	15	8	0x80000000
decode-6	decode	15	9	0x80000000
decode-6	decode	15	10	0x80000000
decode-6	decode	15	11	0x80000000
decode-6	decode	15	12	0x80000000
decode-6	decode	15	13	0x80000000
decode-6	decode	15	14	0x80000000
decode-6	decode	15	15	0x80000000
decode-7	decode	16	0	0x80000000
decode-7	decode	16	1	0x80000000
decode-7	decode	16	2	0x80000000
decode-7	decode	16	3	0x80000000
decode-7	decode	16	4	0x80000000
decode-7	decode	16	5	0x80000000
decode-7	decode	16	6	0x80000000
decode-7	decode	16	7	0x80000000
decode-7	decode	16	8	0x80000000
decode-7	decode	16	9	0x80000000
decode-7	decode	16	10	0x80000000
decode-7	decode	16	11	0x80000000
decode-7	decode	16	12	0x80000000
decode-7	decode	16	13	0x80000000
decode-7	decode	16	14	0x80000000
decode-7	decode	16	15	0x80000000
decode-7	decode	16	16	0x80000000
decode-8	decode	17	0	0x80000000
decode-8	decode	17	1	0x80000000
decode-8	decode	17	2	0x80000000
decode-8	decode	17	3	0x80000000
decode-8	decode	17	4	0x80000000
decode-8	decode	17	5	0x80000000
decode-8	decode	17	6	0x80000000
decode-8	decode	17	7	0x80000000
decode-8	decode	17	8	0x80000000
decode-8	decode	17	9	0x80000000
decode-8	decode	17	10	0x80000000
decode-8	decode	17	11	0x80000000
decode-8	decode	17	12	0x80000000
decode-8	decode	17	13	0x80000000
decode-8	decode	17	14	0x80000000
decode-8	decode	17	15	0x80000000
decode-8	decode	17	16	0x80000000
decode-8	decode	17	17	0x80000000
