# spike	reduction-dispatch-crossover
# metric	wall-clock microseconds, commit to completed
# warmup	8
# repetitions	30
# batch	16
# contract	FLUSH_AND_REASSOCIATE_F32
# declaration	BoundMetalCompileDeclaration::first_macos_apple9
# offline.metal	Apple metal version 32023.883 (metalfe-32023.883)
# offline.linker	AIR-LLD 32023.883 (metalfe-32023.883) (compatible with legacy metallib linker)
# offline.sdk	26.5 (25F70)
# selection.compile_flags	-target air64-apple-macos26.0 -std=metal4.0 -O2 -fmetal-math-mode=safe -fmetal-math-fp32-functions=precise -ffp-contract=off
# selection.link_flag_count	0
# device	Apple M4 Max
# device_max_threads_per_threadgroup	1024
# device_max_threadgroup_memory	32768
# load_before	3.16 5.99 6.32
rows	contributors	elements	partitions	per_partition	strategy	encoders	widest_workgroup	threadgroup_bytes	stages	reps	batch	submit_min_us	submit_p50_us	submit_p90_us	submit_stddev_us	batch_min_us	batch_p50_us	batch_p90_us	batch_stddev_us	amortized_min_us	amortized_p50_us	amortized_stddev_us	oracle
1	4	4	2	2	serial-fold	2	1	0	4:4:1|1:4:4	30	16	117.334	142.166	153.208	31.677	253.959	283.334	313.875	52.058	9.1083	9.4112	5.5823	reference-checked
1	4	4	2	2	single-workgroup-tree	2	2	16	4:4:1|2:6:4	30	16	120.875	139.333	155.375	12.075	263.500	280.667	289.584	8.840	9.5083	9.4223	1.3943	reference-checked
1	4	4	2	2	multi-pass-split	3	1	0	4:4:1|2:4:2|1:2:2	30	16	132.709	151.459	159.083	8.261	328.792	341.875	353.833	10.728	13.0722	12.6944	1.2659	reference-checked
1	16	16	4	4	serial-fold	2	1	0	16:16:1|1:16:16	30	16	165.792	189.625	201.375	12.690	216.042	236.250	262.959	41.930	3.3500	3.1083	3.6413	reference-checked
1	16	16	4	4	single-workgroup-tree	2	8	32	16:16:1|8:24:10	30	16	173.083	190.250	206.042	38.763	217.000	235.084	251.958	33.329	2.9278	2.9889	4.8061	reference-checked
1	16	16	4	4	multi-pass-split	3	1	0	16:16:1|4:16:4|1:4:4	30	16	168.375	192.209	207.417	37.134	231.042	260.458	272.167	16.289	4.1778	4.5499	3.5616	reference-checked
1	32	32	8	4	serial-fold	2	1	0	32:32:1|1:32:32	30	16	165.458	198.375	215.708	13.633	209.917	246.083	260.583	17.943	2.9639	3.1805	2.1050	reference-checked
1	32	32	8	4	single-workgroup-tree	2	16	64	32:32:1|16:48:18	30	16	159.416	194.250	210.458	72.374	152.333	216.625	232.250	19.705	-0.4722	1.4917	6.1386	reference-checked
1	32	32	8	4	multi-pass-split	3	1	0	32:32:1|8:32:4|1:8:8	30	16	172.042	194.042	204.375	10.828	200.291	237.792	258.792	53.173	1.8833	2.9167	4.2668	reference-checked
1	64	64	8	8	serial-fold	2	1	0	64:64:1|1:64:64	30	16	166.750	189.916	205.541	22.255	209.791	235.666	242.458	9.853	2.8694	3.0500	2.1405	reference-checked
1	64	64	8	8	single-workgroup-tree	2	32	128	64:64:1|32:96:34	30	16	169.000	188.500	203.792	10.045	222.708	252.667	260.750	9.102	3.5805	4.2778	1.2765	reference-checked
1	64	64	8	8	multi-pass-split	3	1	0	64:64:1|8:64:8|1:8:8	30	16	169.833	189.792	207.792	48.163	224.292	242.625	252.291	41.599	3.6306	3.5222	5.9841	reference-checked
1	128	128	16	8	serial-fold	2	1	0	128:128:1|1:128:128	30	16	168.167	194.791	240.292	33.971	334.166	357.375	376.250	54.711	11.0666	10.8389	5.9122	reference-checked
1	128	128	16	8	single-workgroup-tree	2	64	256	128:128:1|64:192:66	30	16	162.958	186.542	206.625	12.880	223.958	237.750	245.708	6.419	4.0667	3.4139	1.2866	reference-checked
1	128	128	16	8	multi-pass-split	3	1	0	128:128:1|16:128:8|1:16:16	30	16	166.083	190.791	202.834	32.290	224.417	246.334	256.000	11.700	3.8889	3.7029	2.9326	reference-checked
1	256	256	16	16	serial-fold	2	1	0	256:256:1|1:256:256	30	16	163.334	185.917	192.166	7.502	251.583	268.833	277.166	7.359	5.8833	5.5277	0.9908	reference-checked
1	256	256	16	16	single-workgroup-tree	2	128	512	256:256:1|128:384:130	30	16	170.667	185.250	196.791	34.706	324.291	334.458	347.125	41.057	10.2416	9.9472	5.0509	reference-checked
1	256	256	16	16	multi-pass-split	3	1	0	256:256:1|16:256:16|1:16:16	30	16	171.542	184.791	192.125	5.664	234.834	245.500	258.292	8.057	4.2195	4.0473	0.9148	reference-checked
1	1024	1024	32	32	serial-fold	2	1	0	1024:1024:1|1:1024:1024	30	16	157.042	177.791	190.333	12.926	452.541	484.750	499.916	43.342	19.6999	20.4639	3.7512	reference-checked
1	1024	1024	32	32	single-workgroup-tree	2	256	1024	1024:1024:1|256:1280:260	30	16	145.667	171.834	181.250	13.123	226.375	258.500	266.000	11.676	5.3805	5.7777	1.6533	reference-checked
1	1024	1024	32	32	multi-pass-split	3	1	0	1024:1024:1|32:1024:32|1:32:32	30	16	148.208	172.709	185.458	36.256	307.125	322.167	338.958	22.891	10.5945	9.9639	3.9432	reference-checked
1	2048	2048	64	32	serial-fold	2	1	0	2048:2048:1|1:2048:2048	30	16	167.833	191.208	208.125	12.642	504.041	569.875	585.417	34.389	22.4139	25.2445	3.1354	reference-checked
1	2048	2048	64	32	single-workgroup-tree	2	256	1024	2048:2048:1|256:2304:264	30	16	147.000	181.917	200.292	46.371	238.250	265.667	297.083	32.824	6.0833	5.5833	5.2797	reference-checked
1	2048	2048	64	32	multi-pass-split	3	1	0	2048:2048:1|64:2048:32|1:64:64	30	16	152.542	177.250	195.041	15.030	259.417	295.333	310.166	28.368	7.1250	7.8722	2.8932	reference-checked
1	4096	4096	64	64	serial-fold	2	1	0	4096:4096:1|1:4096:4096	30	16	183.292	190.417	218.083	26.972	870.875	949.125	965.416	49.452	45.8389	50.5805	5.0950	reference-checked
1	4096	4096	64	64	single-workgroup-tree	2	256	1024	4096:4096:1|256:4352:272	30	16	142.375	152.666	176.083	29.742	240.792	277.459	309.042	21.496	6.5611	8.3195	3.4159	reference-checked
1	4096	4096	64	64	multi-pass-split	3	1	0	4096:4096:1|64:4096:64|1:64:64	30	16	147.000	152.500	176.041	11.705	240.209	276.125	311.709	33.610	6.2139	8.2417	3.0210	reference-checked
1	8192	8192	128	64	serial-fold	2	1	0	8192:8192:1|1:8192:8192	30	16	701.166	791.750	801.917	38.535	8730.709	8804.417	8836.375	55.044	535.3029	534.1778	6.2386	closed-form
1	8192	8192	128	64	single-workgroup-tree	2	256	1024	8192:8192:1|256:8448:288	30	16	166.792	200.084	227.375	19.505	278.292	323.958	346.041	24.069	7.4333	8.2583	2.9049	closed-form
1	8192	8192	128	64	multi-pass-split	3	1	0	8192:8192:1|128:8192:64|1:128:128	30	16	176.042	202.459	231.042	31.916	364.417	398.958	439.500	45.802	12.5583	13.0999	5.1812	closed-form
1	16384	16384	128	128	serial-fold	2	1	0	16384:16384:1|1:16384:16384	30	16	596.667	700.458	715.875	65.233	7329.250	7397.875	7425.959	38.759	448.8389	446.4945	6.9328	closed-form
1	16384	16384	128	128	single-workgroup-tree	2	256	1024	16384:16384:1|256:16640:320	30	16	159.000	197.333	227.208	21.738	239.208	286.458	320.584	25.041	5.3472	5.9417	3.1186	closed-form
1	16384	16384	128	128	multi-pass-split	3	1	0	16384:16384:1|128:16384:128|1:128:128	30	16	170.041	213.958	240.209	39.837	484.375	527.875	583.208	74.580	20.9556	20.9278	7.6278	closed-form
4	4	16	2	2	serial-fold	2	1	0	16:16:1|4:16:4	30	16	163.041	188.334	198.042	10.568	190.708	218.375	225.208	9.453	1.8445	2.0027	1.3347	reference-checked
4	4	16	2	2	single-workgroup-tree	2	2	16	16:16:1|8:24:4	30	16	170.125	189.584	205.958	31.954	188.166	217.375	228.334	23.416	1.2027	1.8527	3.6913	reference-checked
4	4	16	2	2	multi-pass-split	3	1	0	16:16:1|8:16:2|4:8:2	30	16	167.834	194.208	211.208	37.434	208.000	241.125	246.875	27.921	2.6777	3.1278	4.3570	reference-checked
4	16	64	4	4	serial-fold	2	1	0	64:64:1|4:64:16	30	16	167.000	186.250	196.875	15.505	191.792	222.500	229.667	10.702	1.6528	2.4167	1.7471	reference-checked
4	16	64	4	4	single-workgroup-tree	2	8	32	64:64:1|32:96:10	30	16	159.666	185.500	193.042	11.001	193.250	222.541	231.833	50.970	2.2389	2.4694	4.1314	reference-checked
4	16	64	4	4	multi-pass-split	3	1	0	64:64:1|16:64:4|4:16:4	30	16	165.083	189.791	198.458	64.113	206.917	241.917	248.583	10.848	2.7889	3.4751	4.9973	reference-checked
4	32	128	8	4	serial-fold	2	1	0	128:128:1|4:128:32	30	16	154.917	175.292	208.833	33.892	229.208	254.958	261.917	10.106	4.9527	5.3111	2.9331	reference-checked
4	32	128	8	4	single-workgroup-tree	2	16	64	128:128:1|64:192:18	30	16	150.000	169.667	197.792	27.095	197.166	227.208	234.792	53.020	3.1444	3.8361	5.3410	reference-checked
4	32	128	8	4	multi-pass-split	3	1	0	128:128:1|32:128:4|4:32:8	30	16	150.708	170.291	199.208	22.372	238.000	246.667	253.541	4.828	5.8195	5.0917	1.8133	reference-checked
4	64	256	8	8	serial-fold	2	1	0	256:256:1|4:256:64	30	16	139.125	151.834	167.167	8.746	188.458	204.833	238.833	20.326	3.2889	3.5333	1.9381	reference-checked
4	64	256	8	8	single-workgroup-tree	2	32	128	256:256:1|128:384:34	30	16	142.500	152.958	170.875	25.510	205.375	223.500	248.209	35.300	4.1917	4.7028	4.0540	reference-checked
4	64	256	8	8	multi-pass-split	3	1	0	256:256:1|32:256:8|4:32:8	30	16	141.208	152.792	171.792	53.863	199.625	214.208	248.333	24.587	3.8945	4.0944	5.2300	reference-checked
4	128	512	16	8	serial-fold	2	1	0	512:512:1|4:512:128	30	16	173.000	199.959	238.583	26.928	326.125	363.166	371.667	16.755	10.2083	10.8805	2.9122	reference-checked
4	128	512	16	8	single-workgroup-tree	2	64	256	512:512:1|256:768:66	30	16	165.875	190.000	204.875	25.865	196.292	233.167	244.291	35.498	2.0278	2.8778	4.0909	reference-checked
4	128	512	16	8	multi-pass-split	3	1	0	512:512:1|64:512:8|4:64:16	30	16	169.041	188.125	197.708	36.962	205.125	243.625	258.959	41.893	2.4056	3.7000	5.2570	reference-checked
4	256	1024	16	16	serial-fold	2	1	0	1024:1024:1|4:1024:256	30	16	167.375	183.666	195.833	31.830	238.167	263.917	281.292	23.696	4.7195	5.3501	3.7018	reference-checked
4	256	1024	16	16	single-workgroup-tree	2	128	512	1024:1024:1|512:1536:130	30	16	168.209	185.042	191.250	11.011	289.750	315.459	330.000	60.656	8.1027	8.6945	4.7778	reference-checked
4	256	1024	16	16	multi-pass-split	3	1	0	1024:1024:1|64:1024:16|4:64:16	30	16	160.584	184.416	191.709	53.055	215.208	238.500	252.791	16.868	3.6416	3.6056	4.6615	reference-checked
4	1024	4096	32	32	serial-fold	2	1	0	4096:4096:1|4:4096:1024	30	16	176.959	199.708	212.000	31.581	418.625	497.166	530.458	36.904	16.1111	19.8305	4.5657	reference-checked
4	1024	4096	32	32	single-workgroup-tree	2	256	1024	4096:4096:1|1024:5120:260	30	16	160.917	187.166	196.667	30.970	223.042	259.416	281.916	36.094	4.1417	4.8167	4.4709	reference-checked
4	1024	4096	32	32	multi-pass-split	3	1	0	4096:4096:1|128:4096:32|4:128:32	30	16	161.708	186.750	197.000	11.301	273.042	317.708	332.667	26.757	7.4223	8.7305	2.5372	reference-checked
4	2048	8192	64	32	serial-fold	2	1	0	8192:8192:1|4:8192:2048	30	16	179.916	187.917	190.583	27.222	521.667	566.125	717.750	65.667	22.7834	25.2139	6.1926	closed-form
4	2048	8192	64	32	single-workgroup-tree	2	256	1024	8192:8192:1|1024:9216:264	30	16	163.167	168.000	169.666	1.606	229.208	240.042	267.167	15.282	4.4027	4.8028	1.1259	closed-form
4	2048	8192	64	32	multi-pass-split	3	1	0	8192:8192:1|256:8192:32|4:256:64	30	16	162.500	170.750	172.125	2.843	260.667	270.334	284.833	12.898	6.5445	6.6389	1.0494	closed-form
4	4096	16384	64	64	serial-fold	2	1	0	16384:16384:1|4:16384:4096	30	16	209.292	224.666	231.584	6.425	941.750	1006.042	1031.458	35.164	48.8305	52.0917	2.7726	closed-form
4	4096	16384	64	64	single-workgroup-tree	2	256	1024	16384:16384:1|1024:17408:272	30	16	162.792	184.458	190.333	43.986	264.208	295.584	312.458	32.140	6.7611	7.4084	5.0750	closed-form
4	4096	16384	64	64	multi-pass-split	3	1	0	16384:16384:1|256:16384:64|4:256:64	30	16	165.667	183.959	191.625	6.758	254.042	288.959	322.500	21.832	5.8917	7.0000	1.9060	closed-form
4	8192	32768	128	64	serial-fold	2	1	0	32768:32768:1|4:32768:8192	30	16	749.209	828.250	836.416	43.893	9317.417	9402.125	9411.625	24.797	571.2139	571.5917	4.5794	closed-form
4	8192	32768	128	64	single-workgroup-tree	2	256	1024	32768:32768:1|1024:33792:288	30	16	168.209	195.625	223.875	17.793	280.792	346.708	367.041	25.036	7.5055	10.0722	2.8553	closed-form
4	8192	32768	128	64	multi-pass-split	3	1	0	32768:32768:1|512:32768:64|4:512:128	30	16	177.667	203.750	235.667	48.021	369.625	446.042	568.292	65.745	12.7972	16.1528	7.5844	closed-form
4	16384	65536	128	128	serial-fold	2	1	0	65536:65536:1|4:65536:16384	30	16	643.625	707.958	751.875	39.344	7950.500	8006.292	8046.041	43.422	487.1250	486.5556	5.5177	closed-form
4	16384	65536	128	128	single-workgroup-tree	2	256	1024	65536:65536:1|1024:66560:320	30	16	152.875	195.834	227.500	24.721	295.791	350.833	373.083	34.832	9.5277	10.3333	3.9702	closed-form
4	16384	65536	128	128	multi-pass-split	3	1	0	65536:65536:1|512:65536:128|4:512:128	30	16	171.125	205.542	243.125	37.265	566.292	702.125	733.041	60.981	26.3445	33.1055	6.5498	closed-form
16	4	64	2	2	serial-fold	2	1	0	64:64:1|16:64:4	30	16	145.666	157.042	160.709	4.808	170.875	208.917	223.542	16.593	1.6806	3.4583	1.4267	reference-checked
16	4	64	2	2	single-workgroup-tree	2	2	16	64:64:1|32:96:4	30	16	137.709	159.083	164.333	30.334	180.916	195.708	225.042	17.252	2.8805	2.4417	3.1724	reference-checked
16	4	64	2	2	multi-pass-split	3	1	0	64:64:1|32:64:2|16:32:2	30	16	137.584	161.459	169.208	29.950	196.792	211.417	245.042	49.671	3.9472	3.3305	5.3080	reference-checked
16	16	256	4	4	serial-fold	2	1	0	256:256:1|16:256:16	30	16	153.333	188.500	209.250	26.840	216.958	224.083	233.708	29.054	4.2417	2.3722	3.7263	reference-checked
16	16	256	4	4	single-workgroup-tree	2	8	32	256:256:1|128:384:10	30	16	171.666	190.166	209.125	11.837	193.625	229.625	237.875	33.467	1.4639	2.6306	3.0202	reference-checked
16	16	256	4	4	multi-pass-split	3	1	0	256:256:1|64:256:4|16:64:4	30	16	166.708	193.292	211.125	12.997	217.708	245.417	253.667	8.349	3.4000	3.4750	1.4230	reference-checked
16	32	512	8	4	serial-fold	2	1	0	512:512:1|16:512:32	30	16	164.500	183.375	196.083	49.567	236.042	256.833	265.500	6.936	4.7695	4.8972	3.7669	reference-checked
16	32	512	8	4	single-workgroup-tree	2	16	64	512:512:1|256:768:18	30	16	161.500	182.000	193.000	8.866	203.417	223.042	237.958	45.146	2.7945	2.7361	3.6008	reference-checked
16	32	512	8	4	multi-pass-split	3	1	0	512:512:1|128:512:4|16:128:8	30	16	163.875	184.792	192.916	15.650	230.375	240.375	252.042	31.362	4.4333	3.7055	3.1341	reference-checked
16	64	1024	8	8	serial-fold	2	1	0	1024:1024:1|16:1024:64	30	16	157.542	183.875	192.416	31.499	211.750	232.334	240.417	37.473	3.6139	3.2306	4.5981	reference-checked
16	64	1024	8	8	single-workgroup-tree	2	32	128	1024:1024:1|512:1536:34	30	16	169.167	184.666	194.291	6.896	230.791	249.500	255.125	5.298	4.1083	4.3223	0.8129	reference-checked
16	64	1024	8	8	multi-pass-split	3	1	0	1024:1024:1|128:1024:8|16:128:8	30	16	168.958	185.208	194.834	30.965	211.875	241.958	250.583	9.991	2.8611	3.7833	2.7304	reference-checked
16	128	2048	16	8	serial-fold	2	1	0	2048:2048:1|16:2048:128	30	16	148.000	158.041	224.959	64.886	326.625	363.291	378.833	35.727	11.9083	13.6833	6.7076	reference-checked
16	128	2048	16	8	single-workgroup-tree	2	64	256	2048:2048:1|1024:3072:66	30	16	140.292	151.542	178.750	59.881	195.166	239.750	253.500	24.681	3.6583	5.8805	5.6375	reference-checked
16	128	2048	16	8	multi-pass-split	3	1	0	2048:2048:1|256:2048:8|16:256:16	30	16	143.875	151.500	188.459	48.162	207.792	247.250	262.333	32.662	4.2611	6.3833	5.3883	reference-checked
16	256	4096	16	16	serial-fold	2	1	0	4096:4096:1|16:4096:256	30	16	155.209	180.333	198.791	17.299	262.541	282.250	290.291	22.636	7.1555	6.7945	2.6623	reference-checked
16	256	4096	16	16	single-workgroup-tree	2	128	512	4096:4096:1|2048:6144:130	30	16	160.208	186.125	200.042	33.651	301.541	329.542	339.333	36.527	9.4222	9.5611	4.6785	reference-checked
16	256	4096	16	16	multi-pass-split	3	1	0	4096:4096:1|256:4096:16|16:256:16	30	16	152.458	177.500	195.125	42.254	225.500	254.250	260.083	11.562	4.8695	5.1167	3.5878	reference-checked
16	1024	16384	32	32	serial-fold	2	1	0	16384:16384:1|16:16384:1024	30	16	175.500	199.417	214.375	35.313	434.708	459.625	513.917	29.891	17.2805	17.3472	4.3470	closed-form
16	1024	16384	32	32	single-workgroup-tree	2	256	1024	16384:16384:1|4096:20480:260	30	16	161.958	183.958	191.209	11.694	226.209	240.125	281.833	33.214	4.2834	3.7445	2.9939	closed-form
16	1024	16384	32	32	multi-pass-split	3	1	0	16384:16384:1|512:16384:32|16:512:32	30	16	157.917	179.167	194.375	12.843	282.709	297.000	342.167	75.643	8.3195	7.8555	5.8990	closed-form
16	2048	32768	64	32	serial-fold	2	1	0	32768:32768:1|16:32768:2048	30	16	180.709	205.917	216.500	32.015	563.000	684.750	697.792	38.770	25.4861	31.9222	4.7190	closed-form
16	2048	32768	64	32	single-workgroup-tree	2	256	1024	32768:32768:1|4096:36864:264	30	16	152.209	184.625	192.458	27.037	253.750	301.333	325.209	40.983	6.7694	7.7805	4.5346	closed-form
16	2048	32768	64	32	multi-pass-split	3	1	0	32768:32768:1|1024:32768:32|16:1024:64	30	16	155.500	183.958	191.958	9.953	295.042	322.459	356.792	37.634	9.3028	9.2334	3.1725	closed-form
16	4096	65536	64	64	serial-fold	2	1	0	65536:65536:1|16:65536:4096	30	16	210.166	219.500	225.291	22.282	932.000	1002.541	1058.958	40.265	48.1223	52.2027	4.1697	closed-form
16	4096	65536	64	64	single-workgroup-tree	2	256	1024	65536:65536:1|4096:69632:272	30	16	167.000	171.833	174.958	29.811	263.333	306.416	353.792	48.640	6.4222	8.9722	5.2301	closed-form
16	4096	65536	64	64	multi-pass-split	3	1	0	65536:65536:1|1024:65536:64|16:1024:64	30	16	166.833	174.791	178.417	28.852	255.541	298.167	343.125	39.886	5.9139	8.2251	4.5825	closed-form
16	8192	131072	128	64	serial-fold	2	1	0	131072:131072:1|16:131072:8192	30	16	744.792	784.541	857.750	48.256	9603.250	9670.000	9684.125	52.988	590.5639	592.3639	6.7496	closed-form
16	8192	131072	128	64	single-workgroup-tree	2	256	1024	131072:131072:1|4096:135168:288	30	16	164.208	202.292	238.792	22.057	351.916	404.459	465.917	58.662	12.5139	13.4778	5.3813	closed-form
16	8192	131072	128	64	multi-pass-split	3	1	0	131072:131072:1|2048:131072:64|16:2048:128	30	16	173.542	200.125	223.166	19.810	447.417	509.750	540.084	28.948	18.2583	20.6417	3.2505	closed-form
16	16384	262144	128	128	serial-fold	2	1	0	262144:262144:1|16:262144:16384	30	16	696.584	750.250	781.208	33.676	8397.000	8455.708	8484.834	49.514	513.3611	513.6972	5.5460	closed-form
16	16384	262144	128	128	single-workgroup-tree	2	256	1024	262144:262144:1|4096:266240:320	30	16	180.750	223.666	251.083	35.684	415.583	497.208	540.625	79.615	15.6555	18.2361	7.6866	closed-form
16	16384	262144	128	128	multi-pass-split	3	1	0	262144:262144:1|2048:262144:128|16:2048:128	30	16	192.750	226.042	262.625	34.542	685.875	805.709	902.083	75.106	32.8750	38.6445	7.3099	closed-form
64	4	256	2	2	serial-fold	2	1	0	256:256:1|64:256:4	30	16	157.125	184.667	209.500	30.172	188.958	222.208	242.916	44.495	2.1222	2.5027	4.9778	reference-checked
64	4	256	2	2	single-workgroup-tree	2	2	16	256:256:1|128:384:4	30	16	162.291	181.084	192.750	40.988	214.458	230.250	244.708	8.960	3.4778	3.2777	3.3298	reference-checked
64	4	256	2	2	multi-pass-split	3	1	0	256:256:1|128:256:2|64:128:2	30	16	166.250	184.500	193.042	9.141	234.625	243.833	268.458	12.938	4.5583	3.9555	1.4720	reference-checked
64	16	1024	4	4	serial-fold	2	1	0	1024:1024:1|64:1024:16	30	16	170.875	189.791	204.834	25.954	193.042	221.417	230.292	43.791	1.4778	2.1084	4.6497	reference-checked
64	16	1024	4	4	single-workgroup-tree	2	8	32	1024:1024:1|512:1536:10	30	16	165.167	185.917	202.834	12.584	196.750	227.750	235.541	10.448	2.1055	2.7889	1.5355	reference-checked
64	16	1024	4	4	multi-pass-split	3	1	0	1024:1024:1|256:1024:4|64:256:4	30	16	171.209	193.292	207.917	67.960	233.208	241.250	252.917	6.282	4.1333	3.1972	4.9495	reference-checked
64	32	2048	8	4	serial-fold	2	1	0	2048:2048:1|64:2048:32	30	16	166.250	183.625	197.292	11.164	229.708	261.167	269.417	22.431	4.2305	5.1695	2.2397	reference-checked
64	32	2048	8	4	single-workgroup-tree	2	16	64	2048:2048:1|1024:3072:18	30	16	164.750	187.708	195.167	8.208	197.541	229.834	237.625	9.900	2.1861	2.8084	1.2072	reference-checked
64	32	2048	8	4	multi-pass-split	3	1	0	2048:2048:1|512:2048:4|64:512:8	30	16	166.333	189.042	210.458	64.501	217.917	250.834	263.625	32.839	3.4389	4.1195	6.4893	reference-checked
64	64	4096	8	8	serial-fold	2	1	0	4096:4096:1|64:4096:64	30	16	156.500	188.416	204.791	25.286	191.917	199.583	225.167	12.712	2.3611	0.7445	2.5332	reference-checked
64	64	4096	8	8	single-workgroup-tree	2	32	128	4096:4096:1|2048:6144:34	30	16	158.833	184.625	207.083	13.461	206.125	214.250	240.875	29.094	3.1528	1.9750	2.8370	reference-checked
64	64	4096	8	8	multi-pass-split	3	1	0	4096:4096:1|512:4096:8|64:512:8	30	16	157.666	189.500	207.583	43.888	202.958	210.250	243.375	26.797	3.0195	1.3833	4.7124	reference-checked
64	128	8192	16	8	serial-fold	2	1	0	8192:8192:1|64:8192:128	30	16	168.541	193.292	203.417	22.913	347.042	359.292	435.625	41.568	11.9001	11.0667	4.2987	closed-form
64	128	8192	16	8	single-workgroup-tree	2	64	256	8192:8192:1|4096:12288:66	30	16	152.458	185.917	195.375	32.042	196.916	209.458	244.875	24.556	2.9639	1.5694	3.7732	closed-form
64	128	8192	16	8	multi-pass-split	3	1	0	8192:8192:1|1024:8192:8|64:1024:16	30	16	155.833	183.458	190.750	8.305	214.708	222.916	279.916	45.378	3.9250	2.6305	3.5788	closed-form
64	256	16384	16	16	serial-fold	2	1	0	16384:16384:1|64:16384:256	30	16	150.333	176.166	190.833	13.427	246.583	277.791	293.375	35.988	6.4167	6.7750	3.2943	closed-form
64	256	16384	16	16	single-workgroup-tree	2	128	512	16384:16384:1|8192:24576:130	30	16	148.792	176.500	186.042	12.260	296.834	327.375	335.542	33.736	9.8695	10.0583	3.0664	closed-form
64	256	16384	16	16	multi-pass-split	3	1	0	16384:16384:1|1024:16384:16|64:1024:16	30	16	152.292	179.375	191.000	35.845	215.833	256.166	266.167	13.932	4.2361	5.1194	3.3185	closed-form
64	1024	65536	32	32	serial-fold	2	1	0	65536:65536:1|64:65536:1024	30	16	183.833	205.167	218.000	27.038	518.000	550.958	565.334	20.865	22.2778	23.0527	3.1935	closed-form
64	1024	65536	32	32	single-workgroup-tree	2	256	1024	65536:65536:1|16384:81920:260	30	16	167.709	187.583	197.791	30.693	277.084	308.042	318.916	15.174	7.2917	8.0306	3.0578	closed-form
64	1024	65536	32	32	multi-pass-split	3	1	0	65536:65536:1|2048:65536:32|64:2048:32	30	16	169.417	196.167	206.208	17.423	346.708	371.500	378.833	9.391	11.8194	11.6889	1.7876	closed-form
64	2048	131072	64	32	serial-fold	2	1	0	131072:131072:1|64:131072:2048	30	16	176.000	209.417	223.708	28.686	646.334	726.792	758.917	38.359	31.3556	34.4917	4.4697	closed-form
64	2048	131072	64	32	single-workgroup-tree	2	256	1024	131072:131072:1|16384:147456:264	30	16	149.209	183.250	200.375	17.738	307.833	354.083	392.667	28.507	10.5749	11.3889	3.0830	closed-form
64	2048	131072	64	32	multi-pass-split	3	1	0	131072:131072:1|4096:131072:32|64:4096:64	30	16	155.792	195.250	208.125	26.113	345.417	391.333	462.459	39.835	12.6417	13.0722	4.3965	closed-form
64	4096	262144	64	64	serial-fold	2	1	0	262144:262144:1|64:262144:4096	30	16	221.750	227.292	230.250	9.258	1144.458	1211.875	1241.291	35.088	61.5139	65.6389	2.9564	closed-form
64	4096	262144	64	64	single-workgroup-tree	2	256	1024	262144:262144:1|16384:278528:272	30	16	180.583	186.833	191.750	27.424	443.417	479.541	488.209	17.895	17.5223	19.5139	3.0212	closed-form
64	4096	262144	64	64	multi-pass-split	3	1	0	262144:262144:1|4096:262144:64|64:4096:64	30	16	173.792	188.292	190.417	3.695	426.792	466.375	497.375	30.028	16.8667	18.5389	2.2482	closed-form
64	8192	524288	128	64	serial-fold	2	1	0	524288:524288:1|64:524288:8192	30	16	845.708	882.125	924.958	53.590	10744.500	10793.083	10809.583	42.029	659.9195	660.7305	6.3746	closed-form
64	8192	524288	128	64	single-workgroup-tree	2	256	1024	524288:524288:1|16384:540672:288	30	16	205.083	232.291	262.209	17.762	643.667	803.333	819.459	63.772	29.2389	38.0695	5.4356	closed-form
64	8192	524288	128	64	multi-pass-split	3	1	0	524288:524288:1|8192:524288:64|64:8192:128	30	16	202.834	230.250	261.875	15.609	758.083	865.542	952.917	49.324	37.0166	42.3528	4.3289	closed-form
64	16384	1048576	128	128	serial-fold	2	1	0	1048576:1048576:1|64:1048576:16384	30	16	755.250	775.750	853.708	42.115	9618.083	9688.791	9725.750	157.919	590.8555	594.2027	13.3356	closed-form
64	16384	1048576	128	128	single-workgroup-tree	2	256	1024	1048576:1048576:1|16384:1064960:320	30	16	223.334	246.500	286.709	45.955	953.708	1066.750	1123.875	48.877	48.6916	54.6833	6.3221	closed-form
64	16384	1048576	128	128	multi-pass-split	3	1	0	1048576:1048576:1|8192:1048576:128|64:8192:128	30	16	234.458	258.417	300.875	48.084	1263.541	1381.709	1420.167	76.441	68.6055	74.8861	8.3017	closed-form
256	4	1024	2	2	serial-fold	2	1	0	1024:1024:1|256:1024:4	30	16	172.959	190.250	206.750	11.895	183.916	217.166	228.833	24.981	0.7305	1.7944	2.4584	reference-checked
256	4	1024	2	2	single-workgroup-tree	2	2	16	1024:1024:1|512:1536:4	30	16	166.917	190.083	209.584	13.831	196.250	223.625	232.625	46.775	1.9555	2.2361	4.0404	reference-checked
256	4	1024	2	2	multi-pass-split	3	1	0	1024:1024:1|512:1024:2|256:512:2	30	16	166.667	192.250	209.750	39.659	209.458	243.208	255.416	16.688	2.8527	3.3972	3.7564	reference-checked
256	16	4096	4	4	serial-fold	2	1	0	4096:4096:1|256:4096:16	30	16	167.125	185.167	214.209	33.120	203.833	227.958	237.041	22.393	2.4472	2.8527	3.7008	reference-checked
256	16	4096	4	4	single-workgroup-tree	2	8	32	4096:4096:1|2048:6144:10	30	16	166.416	182.750	197.208	29.215	209.917	232.666	237.417	8.326	2.9001	3.3277	2.5027	reference-checked
256	16	4096	4	4	multi-pass-split	3	1	0	4096:4096:1|1024:4096:4|256:1024:4	30	16	180.667	187.500	213.125	22.932	218.500	250.708	260.375	40.910	2.5222	4.2139	4.2561	reference-checked
256	32	8192	8	4	serial-fold	2	1	0	8192:8192:1|256:8192:32	30	16	161.583	182.958	192.416	8.659	230.917	262.292	274.125	31.267	4.6223	5.2889	2.6618	closed-form
256	32	8192	8	4	single-workgroup-tree	2	16	64	8192:8192:1|4096:12288:18	30	16	169.417	185.125	196.750	46.199	214.417	238.875	245.750	38.820	3.0000	3.5833	5.6680	closed-form
256	32	8192	8	4	multi-pass-split	3	1	0	8192:8192:1|2048:8192:4|256:2048:8	30	16	165.375	184.333	201.125	32.890	227.625	253.667	265.750	9.279	4.1500	4.6223	2.8113	closed-form
256	64	16384	8	8	serial-fold	2	1	0	16384:16384:1|256:16384:64	30	16	148.834	153.750	176.500	12.858	223.666	240.417	249.000	6.879	4.9888	5.7778	1.3157	closed-form
256	64	16384	8	8	single-workgroup-tree	2	32	128	16384:16384:1|8192:24576:34	30	16	131.292	154.250	187.333	28.421	232.542	259.000	269.666	33.297	6.7500	6.9833	4.1145	closed-form
256	64	16384	8	8	multi-pass-split	3	1	0	16384:16384:1|2048:16384:8|256:2048:8	30	16	148.875	160.208	184.542	14.169	236.542	254.625	262.291	35.735	5.8445	6.2945	3.3269	closed-form
256	128	32768	16	8	serial-fold	2	1	0	32768:32768:1|256:32768:128	30	16	183.625	198.042	238.834	62.641	364.875	452.458	466.375	48.616	12.0833	16.9611	7.4171	closed-form
256	128	32768	16	8	single-workgroup-tree	2	64	256	32768:32768:1|16384:49152:66	30	16	143.292	188.875	200.375	13.556	232.459	258.083	268.292	35.511	5.9445	4.6139	3.2711	closed-form
256	128	32768	16	8	multi-pass-split	3	1	0	32768:32768:1|4096:32768:8|256:4096:16	30	16	166.542	189.167	213.625	32.854	248.292	272.292	289.042	36.766	5.4500	5.5417	4.6413	closed-form
256	256	65536	16	16	serial-fold	2	1	0	65536:65536:1|256:65536:256	30	16	145.791	168.458	192.959	48.132	275.625	283.584	291.625	27.674	8.6556	7.6751	5.0537	closed-form
256	256	65536	16	16	single-workgroup-tree	2	128	512	65536:65536:1|32768:98304:130	30	16	141.958	177.833	205.000	31.517	323.291	335.208	341.500	13.864	12.0889	10.4917	3.0254	closed-form
256	256	65536	16	16	multi-pass-split	3	1	0	65536:65536:1|4096:65536:16|256:4096:16	30	16	127.125	160.542	185.375	17.435	247.166	252.208	268.750	34.312	8.0027	6.1111	3.4498	closed-form
256	1024	262144	32	32	serial-fold	2	1	0	262144:262144:1|256:262144:1024	30	16	193.083	214.042	224.500	10.022	655.291	730.292	759.834	45.449	30.8139	34.4167	3.6981	closed-form
256	1024	262144	32	32	single-workgroup-tree	2	256	1024	262144:262144:1|65536:327680:260	30	16	183.125	206.167	215.791	26.030	428.916	486.125	533.458	47.536	16.3861	18.6639	4.9044	closed-form
256	1024	262144	32	32	multi-pass-split	3	1	0	262144:262144:1|8192:262144:32|256:8192:32	30	16	191.375	208.958	217.791	23.711	464.417	548.916	591.250	39.014	18.2028	22.6639	4.1817	closed-form
256	2048	524288	64	32	serial-fold	2	1	0	524288:524288:1|256:524288:2048	30	16	189.708	196.083	202.166	8.519	928.958	1020.833	1079.792	42.981	49.2833	54.9833	3.4333	closed-form
256	2048	524288	64	32	single-workgroup-tree	2	256	1024	524288:524288:1|65536:589824:264	30	16	170.084	175.500	181.250	36.809	630.958	732.792	779.666	45.902	30.7249	37.1528	5.5140	closed-form
256	2048	524288	64	32	multi-pass-split	3	1	0	524288:524288:1|16384:524288:32|256:16384:64	30	16	170.958	177.584	184.500	5.394	633.084	733.666	809.459	64.959	30.8084	37.0721	4.6902	closed-form
256	4096	1048576	64	64	serial-fold	2	1	0	1048576:1048576:1|256:1048576:4096	30	16	233.416	285.625	294.750	12.065	1716.334	1774.958	1798.875	57.157	98.8612	99.2889	4.6148	closed-form
256	4096	1048576	64	64	single-workgroup-tree	2	256	1024	1048576:1048576:1|65536:1114112:272	30	16	216.791	243.209	254.042	37.489	961.708	1071.584	1140.208	54.413	49.6611	55.2250	6.1268	closed-form
256	4096	1048576	64	64	multi-pass-split	3	1	0	1048576:1048576:1|16384:1048576:64|256:16384:64	30	16	218.625	244.125	258.292	34.259	960.917	1054.042	1121.917	55.223	49.4861	53.9945	5.9655	closed-form
256	8192	2097152	128	64	serial-fold	2	1	0	2097152:2097152:1|256:2097152:8192	30	16	947.500	996.625	1038.458	45.398	12461.916	12543.833	12560.791	30.511	767.6277	769.8139	5.0606	closed-form
256	8192	2097152	128	64	single-workgroup-tree	2	256	1024	2097152:2097152:1|65536:2162688:288	30	16	284.042	315.792	337.583	40.587	1798.125	1913.500	1979.417	74.118	100.9389	106.5139	7.6470	closed-form
256	8192	2097152	128	64	multi-pass-split	3	1	0	2097152:2097152:1|32768:2097152:64|256:32768:128	30	16	286.084	302.000	332.500	27.877	1848.666	1965.666	2006.584	62.708	104.1721	110.9111	6.0390	closed-form
256	16384	4194304	128	128	serial-fold	2	1	0	4194304:4194304:1|256:4194304:16384	30	16	1000.583	1015.209	1086.458	32.357	13445.917	13781.792	13823.084	163.843	829.6889	851.1055	13.0800	closed-form
256	16384	4194304	128	128	single-workgroup-tree	2	256	1024	4194304:4194304:1|65536:4259840:320	30	16	356.584	388.958	419.167	22.815	3431.250	3519.000	3544.416	55.114	204.9777	208.6695	5.1953	closed-form
256	16384	4194304	128	128	multi-pass-split	3	1	0	4194304:4194304:1|32768:4194304:128|256:32768:128	30	16	366.209	395.291	439.208	34.413	3604.417	3708.334	3733.584	41.036	215.8805	220.8695	5.0299	closed-form
1024	4	4096	2	2	serial-fold	2	1	0	4096:4096:1|1024:4096:4	30	16	156.250	184.875	200.083	34.106	199.125	228.416	241.125	33.943	2.8583	2.9027	4.5366	reference-checked
1024	4	4096	2	2	single-workgroup-tree	2	2	16	4096:4096:1|2048:6144:4	30	16	154.292	187.208	210.334	33.170	215.500	250.709	263.417	33.506	4.0805	4.2334	4.4451	reference-checked
1024	4	4096	2	2	multi-pass-split	3	1	0	4096:4096:1|2048:4096:2|1024:2048:2	30	16	166.375	187.041	206.291	13.251	212.916	253.750	265.167	22.776	3.1027	4.4473	2.4018	reference-checked
1024	16	16384	4	4	serial-fold	2	1	0	16384:16384:1|1024:16384:16	30	16	173.542	188.541	207.917	43.236	195.166	230.416	241.125	14.893	1.4416	2.7917	3.8752	closed-form
1024	16	16384	4	4	single-workgroup-tree	2	8	32	16384:16384:1|8192:24576:10	30	16	174.416	190.375	208.375	30.795	220.167	257.291	266.375	29.307	3.0501	4.4611	4.0069	closed-form
1024	16	16384	4	4	multi-pass-split	3	1	0	16384:16384:1|4096:16384:4|1024:4096:4	30	16	170.041	192.125	213.375	19.119	218.084	256.292	270.041	21.192	3.2029	4.2778	2.6874	closed-form
1024	32	32768	8	4	serial-fold	2	1	0	32768:32768:1|1024:32768:32	30	16	146.125	172.333	178.875	56.800	243.208	269.833	284.708	27.721	6.4722	6.5000	5.6347	closed-form
1024	32	32768	8	4	single-workgroup-tree	2	16	64	32768:32768:1|16384:49152:18	30	16	145.667	166.875	174.541	10.048	226.709	257.458	265.291	11.199	5.4028	6.0389	1.4164	closed-form
1024	32	32768	8	4	multi-pass-split	3	1	0	32768:32768:1|8192:32768:4|1024:8192:8	30	16	147.458	167.042	174.291	28.057	228.417	261.000	272.584	31.103	5.3973	6.2639	3.9440	closed-form
1024	64	65536	8	8	serial-fold	2	1	0	65536:65536:1|1024:65536:64	30	16	162.750	187.584	196.917	10.128	260.333	283.666	292.416	42.604	6.5055	6.4055	3.5154	closed-form
1024	64	65536	8	8	single-workgroup-tree	2	32	128	65536:65536:1|32768:98304:34	30	16	163.833	189.583	196.125	14.479	311.125	327.292	333.291	7.013	9.8195	9.1806	1.4328	closed-form
1024	64	65536	8	8	multi-pass-split	3	1	0	65536:65536:1|8192:65536:8|1024:8192:8	30	16	163.917	189.959	196.125	31.499	282.208	299.875	305.750	7.375	7.8861	7.3277	2.5916	closed-form
1024	128	131072	16	8	serial-fold	2	1	0	131072:131072:1|1024:131072:128	30	16	178.583	199.083	208.417	25.923	422.208	436.750	557.292	68.177	16.2417	15.8445	6.2733	closed-form
1024	128	131072	16	8	single-workgroup-tree	2	64	256	131072:131072:1|65536:196608:66	30	16	164.875	188.750	199.041	10.949	297.167	306.958	349.291	33.020	8.8195	7.8805	2.9313	closed-form
1024	128	131072	16	8	multi-pass-split	3	1	0	131072:131072:1|16384:131072:8|1024:16384:16	30	16	163.750	186.667	198.250	25.163	297.666	310.417	361.417	28.344	8.9277	8.2500	3.5672	closed-form
1024	256	262144	16	16	serial-fold	2	1	0	262144:262144:1|1024:262144:256	30	16	178.833	203.417	217.959	36.176	442.459	498.958	539.292	30.515	17.5751	19.7027	4.4461	closed-form
1024	256	262144	16	16	single-workgroup-tree	2	128	512	262144:262144:1|131072:393216:130	30	16	198.000	216.541	224.875	8.408	634.000	722.791	742.125	33.811	29.0667	33.7500	2.8146	closed-form
1024	256	262144	16	16	multi-pass-split	3	1	0	262144:262144:1|16384:262144:16|1024:16384:16	30	16	181.792	205.625	214.375	24.241	429.000	486.959	521.375	28.380	16.4805	18.7556	3.5081	closed-form
1024	1024	1048576	32	32	serial-fold	2	1	0	1048576:1048576:1|1024:1048576:1024	30	16	211.709	214.750	221.208	32.159	1158.666	1281.417	1335.083	45.414	63.1305	71.1111	5.1715	closed-form
1024	1024	1048576	32	32	single-workgroup-tree	2	256	1024	1048576:1048576:1|262144:1310720:260	30	16	199.792	204.583	209.875	26.209	1022.750	1116.875	1177.042	38.784	54.8639	60.8195	4.3328	closed-form
1024	1024	1048576	32	32	multi-pass-split	3	1	0	1048576:1048576:1|32768:1048576:32|1024:32768:32	30	16	200.500	205.834	212.583	13.466	1026.459	1149.917	1210.500	57.100	55.0639	62.9389	4.7044	closed-form
1024	2048	2097152	64	32	serial-fold	2	1	0	2097152:2097152:1|1024:2097152:2048	30	16	267.208	281.791	319.375	25.771	2039.959	2143.208	2204.125	51.481	118.1834	124.0945	5.1501	closed-form
1024	2048	2097152	64	32	single-workgroup-tree	2	256	1024	2097152:2097152:1|262144:2359296:264	30	16	248.541	255.250	293.500	16.397	1723.458	1821.292	1863.375	184.589	98.3278	104.4028	13.3991	closed-form
1024	2048	2097152	64	32	multi-pass-split	3	1	0	2097152:2097152:1|65536:2097152:32|1024:65536:64	30	16	243.833	262.042	296.000	48.013	1742.584	1859.958	1906.125	79.066	99.9167	106.5277	8.4719	closed-form
1024	4096	4194304	64	64	serial-fold	2	1	0	4194304:4194304:1|1024:4194304:4096	30	16	387.500	398.375	413.041	9.520	4001.167	4208.125	4238.000	72.435	240.9111	253.9833	5.4636	closed-form
1024	4096	4194304	64	64	single-workgroup-tree	2	256	1024	4194304:4194304:1|262144:4456448:272	30	16	346.667	357.917	370.334	29.526	3381.667	3474.458	3516.458	59.433	202.3333	207.7694	5.9306	closed-form
1024	4096	4194304	64	64	multi-pass-split	3	1	0	4194304:4194304:1|65536:4194304:64|1024:65536:64	30	16	346.500	361.958	378.209	31.554	3393.834	3496.167	3529.458	50.397	203.1556	208.9473	5.4634	closed-form
1024	8192	8388608	128	64	serial-fold	2	1	0	8388608:8388608:1|1024:8388608:8192	30	16	1301.375	1347.334	1391.416	26.151	17914.791	18056.625	18095.083	78.603	1107.5611	1113.9527	6.9836	closed-form
1024	8192	8388608	128	64	single-workgroup-tree	2	256	1024	8388608:8388608:1|262144:8650752:288	30	16	633.083	690.167	743.584	33.828	7216.584	7439.125	7487.958	80.891	438.9001	449.9305	7.6479	closed-form
1024	8192	8388608	128	64	multi-pass-split	3	1	0	8388608:8388608:1|131072:8388608:64|1024:131072:128	30	16	619.916	718.375	819.500	62.413	7090.417	7346.833	7382.750	99.625	431.3667	441.8972	10.8025	closed-form
1024	16384	16777216	128	128	serial-fold	2	1	0	16777216:16777216:1|1024:16777216:16384	30	16	1652.292	1717.875	1790.458	176.278	24133.417	24208.791	24323.917	96.203	1498.7417	1499.3944	18.1654	closed-form
1024	16384	16777216	128	128	single-workgroup-tree	2	256	1024	16777216:16777216:1|262144:17039360:320	30	16	1014.375	1061.458	1143.709	41.560	13794.709	13841.792	13899.625	89.938	852.0223	852.0223	8.7665	closed-form
1024	16384	16777216	128	128	multi-pass-split	3	1	0	16777216:16777216:1|131072:16777216:128|1024:131072:128	30	16	1052.792	1099.959	1180.417	44.595	14410.958	14464.709	14539.958	68.738	890.5444	890.9833	7.5555	closed-form
4096	4	16384	2	2	serial-fold	2	1	0	16384:16384:1|4096:16384:4	30	16	159.750	186.250	192.334	7.584	208.416	232.291	245.583	10.939	3.2444	3.0694	1.2349	closed-form
4096	4	16384	2	2	single-workgroup-tree	2	2	16	16384:16384:1|8192:24576:4	30	16	159.208	186.292	196.042	28.959	313.958	333.875	341.292	37.643	10.3167	9.8389	4.4401	closed-form
4096	4	16384	2	2	multi-pass-split	3	1	0	16384:16384:1|8192:16384:2|4096:8192:2	30	16	177.708	187.333	199.000	20.996	248.500	261.125	269.834	12.811	4.7195	4.9195	2.2538	closed-form
4096	16	65536	4	4	serial-fold	2	1	0	65536:65536:1|4096:65536:16	30	16	148.125	156.792	173.625	9.854	234.209	262.958	271.375	11.721	5.7389	7.0777	1.4383	closed-form
4096	16	65536	4	4	single-workgroup-tree	2	8	32	65536:65536:1|32768:98304:10	30	16	149.375	175.791	194.792	22.047	343.875	375.000	390.333	48.764	12.9667	13.2806	4.7207	closed-form
4096	16	65536	4	4	multi-pass-split	3	1	0	65536:65536:1|16384:65536:4|4096:16384:4	30	16	153.333	162.084	179.375	21.313	261.875	293.583	313.333	25.337	7.2361	8.7666	3.1099	closed-form
4096	32	131072	8	4	serial-fold	2	1	0	131072:131072:1|4096:131072:32	30	16	173.417	194.250	202.375	8.113	331.000	355.333	364.375	28.047	10.5055	10.7389	2.4107	closed-form
4096	32	131072	8	4	single-workgroup-tree	2	16	64	131072:131072:1|65536:196608:18	30	16	180.542	202.250	210.792	24.680	395.292	423.208	431.750	11.026	14.3167	14.7305	2.3804	closed-form
4096	32	131072	8	4	multi-pass-split	3	1	0	131072:131072:1|32768:131072:4|4096:32768:8	30	16	169.667	189.459	198.792	13.748	336.833	357.000	367.875	17.228	11.1444	11.1694	2.0651	closed-form
4096	64	262144	8	8	serial-fold	2	1	0	262144:262144:1|4096:262144:64	30	16	158.666	163.166	167.709	6.061	368.459	436.625	470.708	43.040	13.9862	18.2306	3.2734	closed-form
4096	64	262144	8	8	single-workgroup-tree	2	32	128	262144:262144:1|131072:393216:34	30	16	167.042	171.416	179.084	31.170	521.083	615.250	695.334	69.184	23.6027	29.5889	6.6903	closed-form
4096	64	262144	8	8	multi-pass-split	3	1	0	262144:262144:1|32768:262144:8|4096:32768:8	30	16	161.833	164.792	175.042	25.147	404.375	478.208	530.959	58.222	16.1695	20.8944	5.5579	closed-form
4096	128	524288	16	8	serial-fold	2	1	0	524288:524288:1|4096:524288:128	30	16	200.709	222.584	233.666	30.902	769.750	866.709	907.875	58.578	37.9361	42.9417	5.9653	closed-form
4096	128	524288	16	8	single-workgroup-tree	2	64	256	524288:524288:1|262144:786432:66	30	16	201.250	219.792	224.208	34.725	720.791	781.542	839.541	35.657	34.6361	37.4500	4.6922	closed-form
4096	128	524288	16	8	multi-pass-split	3	1	0	524288:524288:1|65536:524288:8|4096:65536:16	30	16	201.292	218.167	224.375	20.813	672.583	728.416	795.292	38.324	31.4194	34.0166	3.9424	closed-form
4096	256	1048576	16	16	serial-fold	2	1	0	1048576:1048576:1|4096:1048576:256	30	16	220.666	248.125	258.750	12.129	999.375	1049.458	1083.875	42.791	51.9139	53.4222	3.6613	closed-form
4096	256	1048576	16	16	single-workgroup-tree	2	128	512	1048576:1048576:1|524288:1572864:130	30	16	256.791	283.750	295.584	39.027	1560.625	1622.208	1651.417	26.501	86.9223	89.2305	4.3685	closed-form
4096	256	1048576	16	16	multi-pass-split	3	1	0	1048576:1048576:1|65536:1048576:16|4096:65536:16	30	16	231.542	252.125	264.084	10.367	983.667	1059.291	1100.500	46.487	50.1417	53.8111	3.7902	closed-form
4096	1024	4194304	32	32	serial-fold	2	1	0	4194304:4194304:1|4096:4194304:1024	30	16	328.125	357.709	380.167	21.242	3415.500	3508.917	3545.458	61.153	205.8250	210.0805	5.4930	closed-form
4096	1024	4194304	32	32	single-workgroup-tree	2	256	1024	4194304:4194304:1|1048576:5242880:260	30	16	345.625	353.541	369.125	17.658	3383.125	3477.250	3523.458	51.352	202.5000	208.2473	4.6007	closed-form
4096	1024	4194304	32	32	multi-pass-split	3	1	0	4194304:4194304:1|131072:4194304:32|4096:131072:32	30	16	346.250	359.375	391.792	31.531	3472.291	3592.958	3635.292	54.548	208.4027	215.5722	5.7387	closed-form
4096	2048	8388608	64	32	serial-fold	2	1	0	8388608:8388608:1|4096:8388608:2048	30	16	600.250	682.459	719.083	40.288	6820.959	6971.917	7035.041	81.698	414.7139	419.2972	8.1324	closed-form
4096	2048	8388608	64	32	single-workgroup-tree	2	256	1024	8388608:8388608:1|1048576:9437184:264	30	16	589.000	655.166	718.417	52.974	6764.166	6952.667	7022.833	97.699	411.6777	419.8334	10.0449	closed-form
4096	2048	8388608	64	32	multi-pass-split	3	1	0	8388608:8388608:1|262144:8388608:32|4096:262144:64	30	16	611.750	692.458	730.750	35.816	7071.833	7297.959	7336.875	113.607	430.6722	440.3667	9.9615	closed-form
4096	4096	16777216	64	64	serial-fold	2	1	0	16777216:16777216:1|4096:16777216:4096	30	16	1016.250	1088.000	1158.667	51.678	13921.541	14042.250	14208.167	82.917	860.3527	863.6167	8.9730	closed-form
4096	4096	16777216	64	64	single-workgroup-tree	2	256	1024	16777216:16777216:1|1048576:17825792:272	30	16	976.125	1034.542	1113.625	54.971	13355.292	13447.042	13485.125	60.927	825.2778	827.5000	7.7265	closed-form
4096	4096	16777216	64	64	multi-pass-split	3	1	0	16777216:16777216:1|262144:16777216:64|4096:262144:64	30	16	1006.375	1066.375	1158.417	51.298	13672.000	13839.292	13893.041	72.611	844.3750	851.5278	8.2606	closed-form
16384	4	65536	2	2	serial-fold	2	1	0	65536:65536:1|16384:65536:4	30	16	148.250	153.000	188.167	44.184	232.334	261.250	300.458	36.591	5.6056	7.2167	5.3850	closed-form
16384	4	65536	2	2	single-workgroup-tree	2	2	16	65536:65536:1|32768:98304:4	30	16	160.166	177.625	186.666	8.224	644.208	729.000	788.833	57.452	32.2695	36.7583	4.3784	closed-form
16384	4	65536	2	2	multi-pass-split	3	1	0	65536:65536:1|32768:65536:2|16384:32768:2	30	16	147.542	152.583	163.584	32.856	270.958	309.083	355.917	44.970	8.2277	10.4333	5.1884	closed-form
16384	16	262144	4	4	serial-fold	2	1	0	262144:262144:1|16384:262144:16	30	16	173.250	203.416	215.250	13.961	435.916	464.041	502.167	40.258	17.5111	17.3750	3.6146	closed-form
16384	16	262144	4	4	single-workgroup-tree	2	8	32	262144:262144:1|131072:393216:10	30	16	203.041	231.291	240.916	19.505	814.417	902.333	926.291	47.163	40.7584	44.7361	4.4445	closed-form
16384	16	262144	4	4	multi-pass-split	3	1	0	262144:262144:1|65536:262144:4|16384:65536:4	30	16	181.459	207.542	216.792	25.264	450.583	523.833	552.917	27.467	17.9416	21.0861	3.5154	closed-form
16384	32	524288	8	4	serial-fold	2	1	0	524288:524288:1|16384:524288:32	30	16	191.917	217.959	231.708	36.933	650.542	751.667	789.459	44.273	30.5750	35.5805	5.4137	closed-form
16384	32	524288	8	4	single-workgroup-tree	2	16	64	524288:524288:1|262144:786432:18	30	16	216.958	238.083	252.625	11.130	1030.167	1073.375	1138.166	37.120	54.2139	55.6861	3.2167	closed-form
16384	32	524288	8	4	multi-pass-split	3	1	0	524288:524288:1|131072:524288:4|16384:131072:8	30	16	195.959	221.667	233.458	42.942	726.250	806.125	842.959	40.150	35.3527	38.9639	5.5395	closed-form
16384	64	1048576	8	8	serial-fold	2	1	0	1048576:1048576:1|16384:1048576:64	30	16	216.000	227.625	252.583	32.810	930.541	1024.875	1079.667	51.415	47.6361	53.1500	5.6150	closed-form
16384	64	1048576	8	8	single-workgroup-tree	2	32	128	1048576:1048576:1|524288:1572864:34	30	16	252.542	263.334	291.334	36.373	1512.708	1604.208	1635.584	71.652	84.0111	89.3916	7.2017	closed-form
16384	64	1048576	8	8	multi-pass-split	3	1	0	1048576:1048576:1|131072:1048576:8|16384:131072:8	30	16	228.125	237.333	259.416	10.963	1022.542	1119.167	1192.583	53.984	52.9611	58.7889	4.3297	closed-form
16384	128	2097152	16	8	serial-fold	2	1	0	2097152:2097152:1|16384:2097152:128	30	16	273.583	299.125	310.834	36.278	1773.791	1881.792	1932.833	48.101	100.0139	105.5111	5.6253	closed-form
16384	128	2097152	16	8	single-workgroup-tree	2	64	256	2097152:2097152:1|1048576:3145728:66	30	16	286.416	312.000	322.250	11.985	2025.333	2112.125	2139.958	41.346	115.9278	120.0083	3.5554	closed-form
16384	128	2097152	16	8	multi-pass-split	3	1	0	2097152:2097152:1|262144:2097152:8|16384:262144:16	30	16	276.167	300.084	315.666	36.345	1899.625	1946.625	2022.334	68.772	108.2305	109.7694	7.0078	closed-form
16384	256	4194304	16	16	serial-fold	2	1	0	4194304:4194304:1|16384:4194304:256	30	16	371.542	393.791	399.583	23.297	3370.000	3464.333	3496.250	44.779	199.8972	204.7028	4.5384	closed-form
16384	256	4194304	16	16	single-workgroup-tree	2	128	512	4194304:4194304:1|2097152:6291456:130	30	16	505.875	520.500	545.292	41.274	5333.375	5431.833	5456.417	41.290	321.8333	327.4222	5.5043	closed-form
16384	256	4194304	16	16	multi-pass-split	3	1	0	4194304:4194304:1|262144:4194304:16|16384:262144:16	30	16	371.167	396.792	424.041	64.382	3369.709	3493.125	3524.208	123.923	199.9028	206.4222	12.5537	closed-form
16384	1024	16777216	32	32	serial-fold	2	1	0	16777216:16777216:1|16384:16777216:1024	30	16	1014.791	1054.042	1143.667	60.802	13714.334	13902.250	13928.750	67.829	846.6362	856.5472	8.5754	closed-form
16384	1024	16777216	32	32	single-workgroup-tree	2	256	1024	16777216:16777216:1|4194304:20971520:260	30	16	984.667	1022.709	1101.584	49.941	13356.042	13500.791	13539.542	65.413	824.7583	831.8721	7.6902	closed-form
16384	1024	16777216	32	32	multi-pass-split	3	1	0	16777216:16777216:1|524288:16777216:32|16384:524288:32	30	16	1033.750	1084.291	1167.500	48.003	14073.125	14262.584	14429.875	109.797	869.2917	878.5529	10.5200	closed-form
65536	4	262144	2	2	serial-fold	2	1	0	262144:262144:1|65536:262144:4	30	16	186.292	211.041	224.291	25.311	406.708	491.166	514.208	32.960	14.6944	18.6750	3.8847	closed-form
65536	4	262144	2	2	single-workgroup-tree	2	2	16	262144:262144:1|131072:393216:4	30	16	285.000	313.042	323.917	23.921	2058.500	2123.209	2147.667	25.616	118.2333	120.6778	3.3025	closed-form
65536	4	262144	2	2	multi-pass-split	3	1	0	262144:262144:1|131072:262144:2|65536:131072:2	30	16	191.958	215.292	229.583	30.415	505.709	588.958	620.250	61.519	20.9167	24.9111	6.1290	closed-form
65536	16	1048576	4	4	serial-fold	2	1	0	1048576:1048576:1|65536:1048576:16	30	16	221.625	254.167	263.167	32.777	1003.041	1054.917	1110.708	37.004	52.0944	53.3833	4.6521	closed-form
65536	16	1048576	4	4	single-workgroup-tree	2	8	32	1048576:1048576:1|524288:1572864:10	30	16	323.000	346.875	355.334	8.544	2547.500	2601.375	2613.750	49.387	148.3000	150.3000	3.8621	closed-form
65536	16	1048576	4	4	multi-pass-split	3	1	0	1048576:1048576:1|262144:1048576:4|65536:262144:4	30	16	221.333	267.167	276.875	34.064	1223.875	1280.125	1351.708	47.942	66.8361	67.5305	5.4671	closed-form
65536	32	2097152	8	4	serial-fold	2	1	0	2097152:2097152:1|65536:2097152:32	30	16	259.334	277.458	294.458	11.876	1732.917	1828.083	1842.666	32.940	98.2389	103.3750	2.9877	closed-form
65536	32	2097152	8	4	single-workgroup-tree	2	16	64	2097152:2097152:1|1048576:3145728:18	30	16	353.542	369.917	391.875	13.352	3269.667	3366.750	3388.833	55.797	194.4083	199.7889	4.6099	closed-form
65536	32	2097152	8	4	multi-pass-split	3	1	0	2097152:2097152:1|524288:2097152:4|65536:524288:8	30	16	280.167	297.791	310.750	30.730	2018.375	2117.042	2145.042	39.295	115.8805	121.2834	4.6684	closed-form
65536	64	4194304	8	8	serial-fold	2	1	0	4194304:4194304:1|65536:4194304:64	30	16	372.291	399.084	420.208	43.133	3363.334	3452.875	3471.292	68.640	199.4029	203.5861	7.4516	closed-form
65536	64	4194304	8	8	single-workgroup-tree	2	32	128	4194304:4194304:1|2097152:6291456:34	30	16	490.292	519.667	528.458	14.507	5284.458	5376.584	5405.292	48.121	319.6111	323.7945	4.1752	closed-form
65536	64	4194304	8	8	multi-pass-split	3	1	0	4194304:4194304:1|524288:4194304:8|65536:524288:8	30	16	392.166	408.084	449.083	62.441	3465.625	3579.667	3609.708	71.688	204.8973	211.4389	8.9419	closed-form
65536	128	8388608	16	8	serial-fold	2	1	0	8388608:8388608:1|65536:8388608:128	30	16	589.500	636.250	717.375	47.824	6785.333	6965.208	7015.917	64.524	413.0555	421.9305	7.4899	closed-form
65536	128	8388608	16	8	single-workgroup-tree	2	64	256	8388608:8388608:1|4194304:12582912:66	30	16	631.583	721.375	749.166	62.988	7239.416	7337.958	7515.666	103.481	440.5222	441.1055	11.0979	closed-form
65536	128	8388608	16	8	multi-pass-split	3	1	0	8388608:8388608:1|1048576:8388608:8|65536:1048576:16	30	16	608.750	701.875	733.708	46.580	6862.666	7111.917	7170.167	76.825	416.9277	427.3361	8.2270	closed-form
65536	256	16777216	16	16	serial-fold	2	1	0	16777216:16777216:1|65536:16777216:256	30	16	1068.458	1104.708	1163.209	53.986	13836.458	13995.167	14044.750	72.864	851.2000	859.3639	8.4566	closed-form
65536	256	16777216	16	16	single-workgroup-tree	2	128	512	16777216:16777216:1|8388608:25165824:130	30	16	1443.583	1519.500	1547.292	48.501	20357.084	20399.292	20432.875	29.115	1260.9001	1258.6528	5.1744	closed-form
65536	256	16777216	16	16	multi-pass-split	3	1	0	16777216:16777216:1|1048576:16777216:16|65536:1048576:16	30	16	1034.083	1090.709	1148.083	43.626	13460.917	13593.458	13647.792	79.979	828.4556	833.5166	8.2403	closed-form
262144	4	1048576	2	2	serial-fold	2	1	0	1048576:1048576:1|262144:1048576:4	30	16	227.958	264.959	281.125	20.625	1138.667	1210.625	1256.292	39.157	60.7139	63.0444	3.9855	closed-form
262144	4	1048576	2	2	single-workgroup-tree	2	2	16	1048576:1048576:1|524288:1572864:4	30	16	631.834	719.334	796.958	61.171	7565.833	7616.875	7672.959	31.474	462.2666	459.8361	6.1764	closed-form
262144	4	1048576	2	2	multi-pass-split	3	1	0	1048576:1048576:1|524288:1048576:2|262144:524288:2	30	16	249.000	295.458	306.417	38.501	1518.708	1607.875	1660.208	38.760	84.6472	87.4945	5.1507	closed-form
262144	16	4194304	4	4	serial-fold	2	1	0	4194304:4194304:1|262144:4194304:16	30	16	389.500	419.000	427.334	23.910	3367.208	3457.209	3488.583	51.889	198.5139	202.5473	5.0533	closed-form
262144	16	4194304	4	4	single-workgroup-tree	2	8	32	4194304:4194304:1|2097152:6291456:10	30	16	792.750	899.375	915.125	42.264	9505.833	9614.083	9634.417	58.029	580.8722	580.9805	6.6862	closed-form
262144	16	4194304	4	4	multi-pass-split	3	1	0	4194304:4194304:1|1048576:4194304:4|262144:1048576:4	30	16	411.625	449.750	460.291	26.622	3778.542	3903.209	3923.042	44.776	224.4611	230.2306	4.7599	closed-form
262144	32	8388608	8	4	serial-fold	2	1	0	8388608:8388608:1|262144:8388608:32	30	16	636.125	760.792	772.917	65.771	7221.875	7342.333	7386.083	58.631	439.0500	438.7694	8.2935	closed-form
262144	32	8388608	8	4	single-workgroup-tree	2	16	64	8388608:8388608:1|4194304:12582912:18	30	16	956.750	1034.791	1087.000	58.444	12257.875	12351.042	12385.084	48.498	753.4083	754.4167	7.1294	closed-form
262144	32	8388608	8	4	multi-pass-split	3	1	0	8388608:8388608:1|2097152:8388608:4|262144:2097152:8	30	16	646.750	774.333	785.334	54.897	7348.833	7489.333	7546.458	54.692	446.8055	447.6667	7.3060	closed-form
262144	64	16777216	8	8	serial-fold	2	1	0	16777216:16777216:1|262144:16777216:64	30	16	1047.750	1119.250	1181.500	49.699	13604.250	13860.750	13903.958	78.322	837.1000	849.4333	8.5347	closed-form
262144	64	16777216	8	8	single-workgroup-tree	2	32	128	16777216:16777216:1|8388608:25165824:34	30	16	1457.334	1526.291	1580.959	44.895	20211.292	20241.292	20428.250	93.996	1250.2639	1247.6667	9.2594	closed-form
262144	64	16777216	8	8	multi-pass-split	3	1	0	16777216:16777216:1|2097152:16777216:8|262144:2097152:8	30	16	1045.083	1138.584	1191.125	54.353	13876.000	14024.041	14040.833	45.708	855.3945	859.0305	6.6707	closed-form

# cells	92
# load_after	2.29 5.39 6.09
