# spike	reduction-shape-aware-tree-width
# mode	ShapeAwareTreeWidth
# metric	wall-clock microseconds, commit to completed
# warmup	8
# repetitions	30
# batch	64
# contract	FLUSH_AND_REASSOCIATE_F32
# declaration	BoundMetalCompileDeclaration::first_macos_apple9
# device	Apple M4 Max
# device_apple9	true
# device_max_threads_per_threadgroup	1024
# device_max_threadgroup_memory	32768
# concurrent_build_processes_before	0
# executable_sha256_before	56fa8152ff5f5ff53c225398082e9f20e808df8208fc7a617023bb9912a34a59
# load_before	3.62 6.52 7.58
# oracle_tie	4x16	reference-checked
rows	contributors	elements	strategy	partitions	per_partition	production	widest_workgroup	threadgroup_bytes	encoders	reps	batch	submit_min_us	submit_p50_us	submit_p90_us	submit_stddev_us	batch_min_us	batch_p50_us	batch_p90_us	batch_stddev_us	amortized_min_us	amortized_p50_us	amortized_stddev_us	status
4	780	3120	single-workgroup-tree	2	390	-	2	16	2	30	64	148.750	166.750	209.792	35.701	2150.917	2304.291	2400.208	90.512	31.7804	33.9292	2.0034	measured
4	780	3120	single-workgroup-tree	3	260	-	3	16	2	30	64	114.833	133.334	175.791	21.828	655.584	721.875	837.541	59.023	8.5833	9.3419	1.2834	measured
4	780	3120	single-workgroup-tree	4	195	-	4	16	2	30	64	127.916	157.500	191.292	29.182	943.042	1050.667	1241.625	118.769	12.9385	14.1773	2.3484	measured
4	780	3120	single-workgroup-tree	5	156	-	5	32	2	30	64	111.292	134.125	172.500	38.642	583.041	674.709	771.334	63.560	7.4881	8.5807	1.6223	measured
4	780	3120	single-workgroup-tree	6	130	-	6	32	2	30	64	115.167	136.458	171.250	21.249	627.000	692.584	749.500	42.563	8.1243	8.8274	1.0129	measured
4	780	3120	single-workgroup-tree	10	78	-	10	48	2	30	64	116.750	147.625	184.625	24.952	366.666	429.416	502.333	51.136	3.9669	4.4729	1.2077	measured
4	780	3120	single-workgroup-tree	12	65	-	12	48	2	30	64	111.666	146.583	176.750	23.909	346.750	380.208	426.375	35.756	3.7315	3.7083	0.9471	measured
4	780	3120	single-workgroup-tree	13	60	-	13	64	2	30	64	115.666	131.834	174.084	23.939	595.833	633.542	697.625	42.185	7.6217	7.9636	1.0496	measured
4	780	3120	single-workgroup-tree	15	52	-	15	64	2	30	64	116.958	141.791	186.250	41.770	336.625	375.583	435.958	38.541	3.4868	3.7110	1.2748	measured
4	780	3120	single-workgroup-tree	20	39	-	20	80	2	30	64	116.166	150.250	188.250	43.893	327.041	353.000	402.708	39.232	3.3472	3.2183	1.3194	measured
4	780	3120	single-workgroup-tree	26	30	-	26	112	2	30	64	114.583	134.417	185.625	27.829	472.334	505.125	548.000	39.027	5.6786	5.8843	1.0612	measured
4	780	3120	single-workgroup-tree	30	26	-	30	128	2	30	64	114.750	137.916	179.250	24.500	421.334	450.750	553.083	51.319	4.8664	4.9656	1.2035	measured
4	780	3120	single-workgroup-tree	39	20	-	39	160	2	30	64	116.292	140.708	178.666	24.890	314.000	342.666	396.584	28.199	3.1382	3.2057	0.8427	measured
4	780	3120	single-workgroup-tree	52	15	-	52	208	2	30	64	115.000	136.792	175.750	25.203	319.334	349.083	424.667	42.693	3.2434	3.3697	1.0777	measured
4	780	3120	single-workgroup-tree	60	13	-	60	240	2	30	64	113.208	134.666	183.459	38.303	475.250	518.833	549.334	25.178	5.7467	6.0979	1.0076	measured
4	780	3120	single-workgroup-tree	65	12	-	65	272	2	30	64	118.917	136.667	178.834	24.186	325.000	362.750	413.125	35.667	3.2712	3.5886	0.9501	measured
4	780	3120	single-workgroup-tree	78	10	-	78	320	2	30	64	110.542	144.959	179.375	39.769	344.500	378.208	417.125	31.923	3.7136	3.7024	1.1380	measured
4	780	3120	single-workgroup-tree	130	6	-	130	528	2	30	64	116.667	136.250	175.625	21.785	458.500	487.291	546.750	35.371	5.4259	5.5721	0.9072	measured
4	780	3120	single-workgroup-tree	156	5	-	156	624	2	30	64	112.375	134.292	175.333	21.948	430.750	462.708	515.916	33.752	5.0536	5.2130	0.8841	measured
4	780	3120	single-workgroup-tree	195	4	-	195	784	2	30	64	111.875	138.166	176.917	42.786	629.084	674.791	726.250	42.698	8.2097	8.5179	1.3569	measured
4	780	3120	single-workgroup-tree	260	3	production	260	1040	2	30	64	115.959	143.542	180.167	33.839	473.708	534.375	597.583	51.738	5.6786	6.2037	1.3584	measured
4	780	3120	single-workgroup-tree	390	2	-	390	1568	2	30	64	134.583	155.666	194.375	43.268	1514.459	1610.833	1748.459	83.737	21.9028	23.0979	2.0160	measured
4	1042	4168	single-workgroup-tree	2	521	production	2	16	2	30	64	146.083	158.875	184.833	40.647	670.417	696.917	725.000	34.245	8.3228	8.5403	1.1888	measured
4	1042	4168	single-workgroup-tree	521	2	-	521	2096	2	30	64	149.125	155.125	169.167	8.127	557.916	582.750	644.000	32.181	6.4887	6.7877	0.6398	measured
4	756	3024	single-workgroup-tree	2	378	-	2	16	2	30	64	115.000	147.708	174.625	30.827	622.625	685.792	802.791	64.865	8.0575	8.5410	1.5189	measured
4	756	3024	single-workgroup-tree	3	252	-	3	16	2	30	64	136.542	160.792	193.875	19.388	1544.584	1684.166	1835.250	96.938	22.3499	24.1805	1.8465	measured
4	756	3024	single-workgroup-tree	4	189	-	4	16	2	30	64	114.625	137.500	173.292	29.111	713.333	785.416	851.333	51.915	9.5033	10.2844	1.2861	measured
4	756	3024	single-workgroup-tree	6	126	-	6	32	2	30	64	116.375	140.458	175.583	28.830	524.417	587.208	632.792	45.088	6.4769	7.0913	1.1733	measured
4	756	3024	single-workgroup-tree	7	108	-	7	32	2	30	64	115.500	145.416	186.167	32.980	840.083	897.583	958.875	44.980	11.5013	11.9392	1.2375	measured
4	756	3024	single-workgroup-tree	9	84	-	9	48	2	30	64	113.333	141.416	174.041	19.563	736.833	781.417	860.583	42.888	9.8968	10.1587	0.9913	measured
4	756	3024	single-workgroup-tree	12	63	-	12	48	2	30	64	111.625	146.167	179.166	31.057	521.917	588.084	677.375	50.934	6.5126	7.0146	1.3014	measured
4	756	3024	single-workgroup-tree	14	54	-	14	64	2	30	64	115.084	148.333	173.542	35.551	608.334	654.042	733.459	49.734	7.8294	8.0271	1.3537	measured
4	756	3024	single-workgroup-tree	18	42	-	18	80	2	30	64	113.833	148.083	172.166	18.561	531.084	587.958	662.375	50.874	6.6230	6.9821	1.1021	measured
4	756	3024	single-workgroup-tree	21	36	-	21	96	2	30	64	112.041	145.250	175.542	32.143	349.792	397.292	468.875	45.849	3.7738	4.0007	1.2380	measured
4	756	3024	single-workgroup-tree	27	28	-	27	112	2	30	64	115.250	147.542	173.667	31.015	341.458	370.083	412.417	28.355	3.5906	3.5324	0.9424	measured
4	756	3024	single-workgroup-tree	28	27	-	28	112	2	30	64	115.250	149.792	172.833	25.372	332.042	358.834	403.125	47.902	3.4411	3.3181	1.1631	measured
4	756	3024	single-workgroup-tree	36	21	-	36	144	2	30	64	105.583	146.625	180.667	35.754	326.375	357.292	390.875	32.465	3.5046	3.3439	1.0828	measured
4	756	3024	single-workgroup-tree	42	18	-	42	176	2	30	64	114.916	148.792	176.208	43.143	424.292	460.166	506.417	29.034	4.9107	4.9424	1.1457	measured
4	756	3024	single-workgroup-tree	54	14	-	54	224	2	30	64	114.459	145.042	166.750	18.849	461.416	491.125	533.917	32.491	5.5073	5.4934	0.8149	measured
4	756	3024	single-workgroup-tree	63	12	-	63	256	2	30	64	115.083	147.958	163.708	18.320	399.459	447.667	481.625	32.733	4.5139	4.7573	0.8104	measured
4	756	3024	single-workgroup-tree	84	9	-	84	336	2	30	64	114.875	149.542	175.000	20.295	555.667	597.291	713.875	54.428	6.9967	7.1071	1.1861	measured
4	756	3024	single-workgroup-tree	108	7	-	108	432	2	30	64	117.666	148.291	175.541	34.893	627.250	697.666	759.083	44.513	8.0886	8.7202	1.2604	measured
4	756	3024	single-workgroup-tree	126	6	-	126	512	2	30	64	112.208	146.916	173.666	18.942	407.334	465.209	514.250	48.363	4.6845	5.0523	1.0683	measured
4	756	3024	single-workgroup-tree	189	4	-	189	768	2	30	64	114.875	141.208	172.042	31.451	481.542	515.542	599.500	55.897	5.8201	5.9418	1.3865	measured
4	756	3024	single-workgroup-tree	252	3	production	252	1008	2	30	64	127.125	148.875	180.875	19.339	1100.583	1281.875	1368.708	103.702	15.4517	17.9841	1.9530	measured
4	756	3024	single-workgroup-tree	378	2	-	378	1520	2	30	64	119.042	145.125	170.708	18.744	506.417	561.167	606.834	33.656	6.1488	6.6038	0.8317	measured
4	779	3116	single-workgroup-tree	19	41	-	19	80	2	30	64	119.041	171.208	184.791	20.782	340.375	379.167	408.791	35.690	3.5132	3.3009	0.8964	measured
4	779	3116	single-workgroup-tree	41	19	production	41	176	2	30	64	142.750	172.125	186.291	26.742	328.625	376.250	401.000	29.720	2.9504	3.2401	0.8962	measured
4	840	3360	single-workgroup-tree	2	420	-	2	16	2	30	64	148.083	167.208	185.041	18.935	2299.875	2435.375	2520.375	80.710	34.1554	36.0027	1.5817	measured
4	840	3360	single-workgroup-tree	3	280	-	3	16	2	30	64	109.416	134.708	161.542	17.632	621.000	700.041	778.333	53.399	8.1204	8.9735	1.1275	measured
4	840	3360	single-workgroup-tree	4	210	-	4	16	2	30	64	115.083	143.959	160.500	19.200	442.792	492.125	553.083	36.515	5.2017	5.5264	0.8844	measured
4	840	3360	single-workgroup-tree	5	168	-	5	32	2	30	64	125.916	150.667	196.834	34.502	1113.750	1275.500	1381.500	97.816	15.6799	17.8545	2.1003	measured
4	840	3360	single-workgroup-tree	6	140	-	6	32	2	30	64	130.333	145.333	189.500	30.647	1049.250	1231.750	1390.167	110.056	14.5860	17.2447	2.2334	measured
4	840	3360	single-workgroup-tree	7	120	-	7	32	2	30	64	116.084	133.625	178.959	31.420	384.708	442.416	511.500	42.347	4.2639	4.9014	1.1709	measured
4	840	3360	single-workgroup-tree	8	105	-	8	32	2	30	64	109.708	134.791	176.667	21.894	388.208	429.875	553.000	63.551	4.4206	4.6839	1.3563	measured
4	840	3360	single-workgroup-tree	10	84	-	10	48	2	30	64	113.250	139.084	171.333	21.820	720.375	777.417	893.042	56.828	9.6369	10.1323	1.2484	measured
4	840	3360	single-workgroup-tree	12	70	-	12	48	2	30	64	111.000	135.875	170.000	21.035	343.625	395.041	449.917	36.693	3.6925	4.1137	0.9163	measured
4	840	3360	single-workgroup-tree	14	60	-	14	64	2	30	64	119.042	143.875	183.375	39.830	599.500	657.333	720.625	46.229	7.6263	8.1501	1.3660	measured
4	840	3360	single-workgroup-tree	15	56	-	15	64	2	30	64	114.292	148.125	173.209	20.162	351.125	412.041	470.917	62.168	3.7593	4.1891	1.3068	measured
4	840	3360	single-workgroup-tree	20	42	-	20	80	2	30	64	114.458	143.292	156.500	17.050	532.500	582.958	688.250	51.359	6.6356	6.9788	1.0859	measured
4	840	3360	single-workgroup-tree	21	40	-	21	96	2	30	64	114.583	147.209	184.500	38.223	330.667	368.666	454.209	46.086	3.4299	3.5152	1.3382	measured
4	840	3360	single-workgroup-tree	24	35	-	24	96	2	30	64	117.041	139.208	153.250	17.688	325.333	370.250	415.792	37.255	3.3062	3.6673	0.8721	measured
4	840	3360	single-workgroup-tree	28	30	-	28	112	2	30	64	116.542	138.375	177.250	33.044	462.542	499.541	564.792	53.098	5.4921	5.7328	1.3673	measured
4	840	3360	single-workgroup-tree	30	28	-	30	128	2	30	64	113.417	138.041	180.750	31.866	406.333	451.125	568.833	51.086	4.6495	4.9696	1.3167	measured
4	840	3360	single-workgroup-tree	35	24	-	35	144	2	30	64	115.750	135.625	171.459	20.138	314.625	365.625	431.625	41.085	3.1567	3.6508	0.9718	measured
4	840	3360	single-workgroup-tree	40	21	-	40	160	2	30	64	112.500	136.875	169.709	20.443	315.291	367.583	412.333	36.076	3.2189	3.6620	0.8971	measured
4	840	3360	single-workgroup-tree	42	20	-	42	176	2	30	64	113.083	137.417	168.750	19.901	421.375	471.542	514.583	59.186	4.8935	5.3036	1.2554	measured
4	840	3360	single-workgroup-tree	56	15	-	56	224	2	30	64	115.375	142.750	177.167	22.920	324.250	368.708	408.583	38.843	3.3155	3.5866	0.9804	measured
4	840	3360	single-workgroup-tree	60	14	-	60	240	2	30	64	115.334	138.792	172.167	19.040	479.625	517.917	572.166	31.947	5.7824	6.0179	0.8093	measured
4	840	3360	single-workgroup-tree	70	12	-	70	288	2	30	64	111.541	149.208	185.916	35.754	322.875	371.541	414.583	39.595	3.3545	3.5291	1.1960	measured
4	840	3360	single-workgroup-tree	84	10	-	84	336	2	30	64	115.708	140.083	184.708	37.830	552.042	593.625	701.708	52.170	6.9259	7.1991	1.4286	measured
4	840	3360	single-workgroup-tree	105	8	-	105	432	2	30	64	115.500	137.958	154.625	17.977	351.500	398.416	477.292	49.847	3.7460	4.1343	1.0766	measured
4	840	3360	single-workgroup-tree	120	7	-	120	480	2	30	64	113.584	131.291	154.209	18.697	350.750	394.209	439.583	37.029	3.7645	4.1733	0.8845	measured
4	840	3360	single-workgroup-tree	140	6	-	140	560	2	30	64	115.500	133.209	169.166	30.016	724.167	778.208	887.166	63.203	9.6614	10.2381	1.4797	measured
4	840	3360	single-workgroup-tree	168	5	-	168	672	2	30	64	112.292	142.459	175.709	23.188	815.958	892.125	989.000	60.632	11.1693	11.8995	1.3305	measured
4	840	3360	single-workgroup-tree	210	4	-	210	848	2	30	64	109.458	133.708	157.125	16.654	391.625	444.292	516.917	43.174	4.4788	4.9299	0.9497	measured
4	840	3360	single-workgroup-tree	280	3	production	280	1120	2	30	64	112.292	133.166	161.750	37.600	465.000	515.959	558.458	40.461	5.5985	6.0761	1.2391	measured
4	840	3360	single-workgroup-tree	420	2	-	420	1680	2	30	64	132.834	154.958	188.958	26.207	1629.625	1769.709	1841.125	73.369	23.7586	25.6310	1.5806	measured
4	1018	4072	single-workgroup-tree	2	509	-	2	16	2	30	64	155.458	163.125	183.209	26.617	1232.416	1356.000	1470.583	81.929	17.0946	18.9345	1.7230	measured
4	1018	4072	single-workgroup-tree	509	2	production	509	2048	2	30	64	144.333	150.541	176.709	23.539	845.083	901.709	964.167	37.736	11.1230	11.9233	0.9726	measured
4	1020	4080	single-workgroup-tree	2	510	-	2	16	2	30	64	154.750	167.291	216.875	35.329	2706.209	2853.250	2983.709	95.206	40.4993	42.6343	2.0720	measured
4	1020	4080	single-workgroup-tree	3	340	-	3	16	2	30	64	130.875	144.292	186.292	21.308	1113.334	1244.583	1397.625	112.496	15.5946	17.4649	2.1239	measured
4	1020	4080	single-workgroup-tree	4	255	-	4	16	2	30	64	127.959	155.083	196.292	31.792	1059.833	1279.250	1393.750	111.887	14.7917	17.8439	2.2806	measured
4	1020	4080	single-workgroup-tree	5	204	-	5	32	2	30	64	119.750	137.417	169.333	21.072	585.375	669.541	756.958	53.383	7.3909	8.4464	1.1818	measured
4	1020	4080	single-workgroup-tree	6	170	-	6	32	2	30	64	115.042	147.459	181.250	22.291	445.792	507.709	551.917	33.291	5.2500	5.7183	0.8823	measured
4	1020	4080	single-workgroup-tree	10	102	-	10	48	2	30	64	122.875	146.958	189.750	23.349	899.167	1011.959	1118.083	80.105	12.3221	13.7302	1.6421	measured
4	1020	4080	single-workgroup-tree	12	85	-	12	48	2	30	64	114.833	135.916	174.875	22.521	365.500	401.875	436.125	25.907	3.9788	4.2216	0.7687	measured
4	1020	4080	single-workgroup-tree	15	68	-	15	64	2	30	64	114.459	150.000	182.625	25.336	643.958	697.917	805.292	65.160	8.4047	8.6971	1.4364	measured
4	1020	4080	single-workgroup-tree	17	60	-	17	80	2	30	64	116.000	135.667	177.959	22.727	613.250	669.416	796.209	66.768	7.8929	8.4722	1.4206	measured
4	1020	4080	single-workgroup-tree	20	51	-	20	80	2	30	64	112.084	148.208	180.083	32.617	353.792	397.500	475.250	44.061	3.8366	3.9570	1.2171	measured
4	1020	4080	single-workgroup-tree	30	34	-	30	128	2	30	64	117.542	147.375	170.084	20.764	414.667	463.500	507.708	35.688	4.7163	5.0179	0.8961	measured
4	1020	4080	single-workgroup-tree	34	30	-	34	144	2	30	64	114.500	142.417	184.750	38.556	468.500	509.750	553.667	52.690	5.6190	5.8307	1.4483	measured
4	1020	4080	single-workgroup-tree	51	20	-	51	208	2	30	64	116.167	147.042	170.250	24.761	328.417	377.583	408.917	27.136	3.3690	3.6594	0.8238	measured
4	1020	4080	single-workgroup-tree	60	17	-	60	240	2	30	64	99.375	141.834	172.459	34.011	482.875	525.791	558.375	24.633	6.0873	6.0946	0.9308	measured
4	1020	4080	single-workgroup-tree	68	15	-	68	272	2	30	64	113.875	135.750	178.625	35.932	507.417	552.292	600.917	38.850	6.2467	6.6118	1.1870	measured
4	1020	4080	single-workgroup-tree	85	12	-	85	352	2	30	64	114.042	139.834	170.917	20.851	337.459	389.250	434.625	39.995	3.5463	3.9590	0.9658	measured
4	1020	4080	single-workgroup-tree	102	10	-	102	416	2	30	64	115.791	147.792	171.167	33.631	615.500	672.292	773.750	62.181	7.9319	8.3254	1.5208	measured
4	1020	4080	single-workgroup-tree	170	6	-	170	688	2	30	64	113.375	143.875	171.541	22.974	388.833	440.041	494.042	38.361	4.3723	4.7010	0.9736	measured
4	1020	4080	single-workgroup-tree	204	5	-	204	816	2	30	64	113.792	141.875	172.333	19.494	461.375	490.208	565.875	40.302	5.5172	5.5291	0.9491	measured
4	1020	4080	single-workgroup-tree	255	4	production	255	1024	2	30	64	115.958	148.709	215.583	48.933	764.208	806.000	869.542	37.556	10.2897	10.4332	1.3728	measured
4	1020	4080	single-workgroup-tree	340	3	-	340	1360	2	30	64	116.792	136.959	173.084	31.594	762.333	805.167	885.125	45.155	10.2467	10.6065	1.2182	measured
4	1020	4080	single-workgroup-tree	510	2	-	510	2048	2	30	64	136.708	160.250	196.875	29.242	1906.500	2048.667	2185.167	92.838	28.0919	29.9749	1.9378	measured
4	768	3072	single-workgroup-tree	2	384	-	2	16	2	30	64	144.000	174.125	202.750	19.205	2031.541	2207.083	2307.541	89.230	29.9610	32.2692	1.7212	measured
4	768	3072	single-workgroup-tree	3	256	-	3	16	2	30	64	116.000	147.875	170.375	19.847	484.042	541.917	593.708	34.435	5.8419	6.2546	0.8616	measured
4	768	3072	single-workgroup-tree	4	192	-	4	16	2	30	64	124.250	162.583	192.000	32.657	1169.333	1309.958	1431.333	98.703	16.5886	18.2123	2.0851	measured
4	768	3072	single-workgroup-tree	6	128	-	6	32	2	30	64	120.583	155.417	189.916	35.222	887.083	956.125	1036.166	63.839	12.1667	12.7097	1.5724	measured
4	768	3072	single-workgroup-tree	8	96	-	8	32	2	30	64	111.042	140.625	174.375	35.000	386.708	437.958	482.125	36.788	4.3757	4.7196	1.1395	measured
4	768	3072	single-workgroup-tree	12	64	-	12	48	2	30	64	112.167	146.916	176.709	23.318	330.917	385.375	424.542	29.520	3.4722	3.7851	0.8387	measured
4	768	3072	single-workgroup-tree	16	48	-	16	64	2	30	64	115.334	146.458	177.041	20.663	512.084	561.916	605.666	38.413	6.2976	6.5946	0.9377	measured
4	768	3072	single-workgroup-tree	24	32	-	24	96	2	30	64	112.000	147.750	170.917	29.325	447.458	501.458	543.542	41.328	5.3247	5.6144	1.1215	measured
4	768	3072	single-workgroup-tree	32	24	-	32	128	2	30	64	117.667	150.291	176.250	36.220	398.667	442.208	491.333	36.891	4.4603	4.6336	1.1605	measured
4	768	3072	single-workgroup-tree	48	16	-	48	192	2	30	64	114.041	148.500	166.250	17.746	448.834	505.667	559.625	39.526	5.3142	5.6693	0.9091	measured
4	768	3072	single-workgroup-tree	64	12	-	64	256	2	30	64	108.584	149.917	168.250	19.481	322.667	357.709	423.333	37.659	3.3981	3.2983	0.9070	measured
4	768	3072	single-workgroup-tree	96	8	-	96	384	2	30	64	115.833	150.541	173.500	31.685	339.459	379.583	424.834	30.786	3.5496	3.6356	0.9916	measured
4	768	3072	single-workgroup-tree	128	6	-	128	512	2	30	64	115.500	146.125	178.167	20.524	695.667	742.958	844.541	50.421	9.2090	9.4735	1.1261	measured
4	768	3072	single-workgroup-tree	192	4	-	192	768	2	30	64	123.000	154.333	176.875	19.106	931.125	1011.292	1065.042	51.667	12.8274	13.6025	1.1234	measured
4	768	3072	single-workgroup-tree	256	3	production	256	1024	2	30	64	121.834	143.708	176.375	33.237	422.125	486.125	539.625	45.028	4.7665	5.4352	1.2423	measured
4	768	3072	single-workgroup-tree	384	2	-	384	1536	2	30	64	132.166	168.084	192.500	30.296	1504.417	1695.334	1794.000	88.618	21.7818	24.2421	1.8875	measured
4	781	3124	single-workgroup-tree	11	71	-	11	48	2	30	64	146.458	182.042	194.875	28.292	372.750	413.958	503.375	46.842	3.5919	3.6812	1.1926	measured
4	781	3124	single-workgroup-tree	71	11	production	71	288	2	30	64	143.833	173.042	203.375	54.411	333.083	378.125	428.209	33.969	3.0040	3.2553	1.4029	measured
4	960	3840	single-workgroup-tree	2	480	-	2	16	2	30	64	141.917	161.209	184.292	20.004	2454.708	2620.750	2700.416	74.720	36.7110	39.0403	1.5036	measured
4	960	3840	single-workgroup-tree	3	320	-	3	16	2	30	64	107.875	133.708	152.833	16.817	588.708	656.750	755.083	54.496	7.6323	8.3023	1.1320	measured
4	960	3840	single-workgroup-tree	4	240	-	4	16	2	30	64	121.500	147.541	168.458	15.971	1390.208	1567.375	1627.125	91.418	20.1382	22.5370	1.7046	measured
4	960	3840	single-workgroup-tree	5	192	-	5	32	2	30	64	121.542	145.125	164.375	14.725	1142.250	1370.000	1445.042	108.856	16.2017	19.4425	1.9616	measured
4	960	3840	single-workgroup-tree	6	160	-	6	32	2	30	64	107.000	126.250	151.166	14.999	600.041	646.459	745.083	49.483	7.8260	8.2573	1.0235	measured
4	960	3840	single-workgroup-tree	8	120	-	8	32	2	30	64	106.583	129.459	153.125	27.732	388.791	432.125	513.042	43.603	4.4795	4.8042	1.1323	measured
4	960	3840	single-workgroup-tree	10	96	-	10	48	2	30	64	104.959	130.084	153.334	18.457	358.958	415.833	474.167	46.415	4.0317	4.5357	1.0297	measured
4	960	3840	single-workgroup-tree	12	80	-	12	48	2	30	64	104.500	127.583	152.584	36.383	658.375	719.208	817.375	57.521	8.7917	9.3909	1.4905	measured
4	960	3840	single-workgroup-tree	15	64	-	15	64	2	30	64	103.417	126.583	156.333	21.976	338.083	403.041	464.625	51.095	3.7249	4.3882	1.1599	measured
4	960	3840	single-workgroup-tree	16	60	-	16	64	2	30	64	106.833	131.875	153.583	27.413	598.917	661.208	754.666	54.024	7.8109	8.4021	1.2926	measured
4	960	3840	single-workgroup-tree	20	48	-	20	80	2	30	64	103.041	128.292	153.917	29.301	516.375	590.750	643.375	46.510	6.5609	7.3406	1.2033	measured
4	960	3840	single-workgroup-tree	24	40	-	24	96	2	30	64	109.958	131.875	150.791	16.228	332.958	376.750	441.875	46.889	3.5397	3.8869	1.0019	measured
4	960	3840	single-workgroup-tree	30	32	-	30	128	2	30	64	111.000	133.125	150.208	37.603	528.208	575.583	680.917	53.094	6.6223	7.0231	1.4396	measured
4	960	3840	single-workgroup-tree	32	30	-	32	128	2	30	64	116.666	133.875	152.625	15.145	552.209	586.334	731.250	64.063	6.9134	7.1819	1.2573	measured
4	960	3840	single-workgroup-tree	40	24	-	40	160	2	30	64	107.750	126.958	153.000	16.760	320.459	371.167	445.666	49.671	3.3763	3.8763	1.0545	measured
4	960	3840	single-workgroup-tree	48	20	-	48	192	2	30	64	103.167	131.000	150.958	16.931	443.917	485.959	603.708	57.246	5.4087	5.6343	1.1774	measured
4	960	3840	single-workgroup-tree	60	16	-	60	240	2	30	64	106.417	129.667	153.667	40.694	474.459	529.500	593.500	46.372	5.8419	6.3466	1.3820	measured
4	960	3840	single-workgroup-tree	64	15	-	64	256	2	30	64	102.292	130.417	149.875	16.472	321.875	371.000	405.875	42.381	3.4854	3.8188	0.9342	measured
4	960	3840	single-workgroup-tree	80	12	-	80	320	2	30	64	105.209	132.541	149.541	28.248	539.209	593.417	693.125	52.205	6.8889	7.3155	1.2770	measured
4	960	3840	single-workgroup-tree	96	10	-	96	384	2	30	64	102.208	123.834	149.750	18.486	337.541	400.333	461.584	46.841	3.7354	4.3889	1.0369	measured
4	960	3840	single-workgroup-tree	120	8	-	120	480	2	30	64	105.917	129.083	153.791	18.736	352.833	392.958	439.500	37.085	3.9193	4.1885	0.8860	measured
4	960	3840	single-workgroup-tree	160	6	-	160	640	2	30	64	106.583	130.917	152.083	17.176	494.417	523.292	579.958	39.217	6.1561	6.2282	0.8951	measured
4	960	3840	single-workgroup-tree	192	5	-	192	768	2	30	64	107.125	141.708	162.083	30.232	886.458	952.208	1049.208	57.807	12.3704	12.8651	1.3975	measured
4	960	3840	single-workgroup-tree	240	4	production	240	960	2	30	64	125.500	144.208	175.541	21.830	1077.167	1251.792	1332.583	90.466	15.1058	17.5807	1.7825	measured
4	960	3840	single-workgroup-tree	320	3	-	320	1280	2	30	64	109.416	133.917	156.875	22.452	478.458	535.250	598.542	40.625	5.8578	6.3704	1.0012	measured
4	960	3840	single-workgroup-tree	480	2	-	480	1920	2	30	64	127.500	153.083	175.958	23.169	1840.333	1961.125	2046.000	68.972	27.1878	28.6991	1.4626	measured
4	1022	4088	single-workgroup-tree	2	511	-	2	16	2	30	64	147.833	167.458	187.541	28.615	696.750	747.875	845.292	57.872	8.7130	9.2130	1.3728	measured
4	1022	4088	single-workgroup-tree	7	146	-	7	32	2	30	64	143.583	169.750	181.750	33.103	593.250	671.958	755.333	56.648	7.1376	7.9716	1.4246	measured
4	1022	4088	single-workgroup-tree	14	73	-	14	64	2	30	64	147.041	161.791	186.667	14.891	339.125	430.583	462.375	44.397	3.0490	4.2665	0.9411	measured
4	1022	4088	single-workgroup-tree	73	14	-	73	304	2	30	64	146.625	173.125	180.584	11.379	339.833	392.167	420.209	26.594	3.0668	3.4769	0.6027	measured
4	1022	4088	single-workgroup-tree	146	7	production	146	592	2	30	64	139.667	170.375	178.791	27.664	443.750	486.708	513.250	25.819	4.8267	5.0212	0.8489	measured
4	1022	4088	single-workgroup-tree	511	2	-	511	2048	2	30	64	147.084	169.917	183.458	33.249	571.834	627.791	703.292	51.302	6.7421	7.2678	1.3421	measured
4	1046	4184	single-workgroup-tree	2	523	production	2	16	2	30	64	144.542	178.333	192.292	27.331	711.875	778.833	833.125	45.666	9.0053	9.5317	1.1587	measured
4	1046	4184	single-workgroup-tree	523	2	-	523	2096	2	30	64	147.250	181.375	191.583	25.624	573.375	676.875	743.667	59.745	6.7639	7.8651	1.3551	measured
1024	780	798720	single-workgroup-tree	2	390	-	2	16	2	30	64	235.125	265.375	285.333	38.808	5840.750	5959.709	6063.625	70.576	88.9782	90.3863	1.7362	measured
1024	780	798720	single-workgroup-tree	3	260	-	3	16	2	30	64	193.750	220.250	238.917	17.394	3259.333	3386.833	3479.958	94.332	48.6600	50.2632	1.7734	measured
1024	780	798720	single-workgroup-tree	4	195	-	4	16	2	30	64	199.583	218.334	244.083	15.353	3387.583	3512.750	3620.916	72.000	50.6032	52.2923	1.3866	measured
1024	780	798720	single-workgroup-tree	5	156	-	5	32	2	30	64	192.750	216.625	237.875	15.349	3012.333	3116.750	3218.792	70.975	44.7553	46.0337	1.3702	measured
1024	780	798720	single-workgroup-tree	6	130	-	6	32	2	30	64	191.000	218.000	235.583	26.736	2961.791	3079.833	3138.000	62.217	43.9808	45.4259	1.4119	measured
1024	780	798720	single-workgroup-tree	10	78	-	10	48	2	30	64	184.708	214.167	256.917	37.607	2645.834	2764.417	2852.375	65.596	39.0655	40.4802	1.6381	measured
1024	780	798720	single-workgroup-tree	12	65	-	12	48	2	30	64	184.875	214.000	232.375	35.536	2594.917	2746.458	2822.542	72.629	38.2546	40.1977	1.7169	measured
1024	780	798720	single-workgroup-tree	13	60	-	13	64	2	30	64	185.917	208.000	229.833	16.466	2945.125	3080.166	3170.833	78.135	43.7970	45.5899	1.5016	measured
1024	780	798720	single-workgroup-tree	15	52	-	15	64	2	30	64	168.916	214.875	229.958	18.076	2575.209	2704.792	2754.167	59.789	38.1951	39.5225	1.2360	measured
1024	780	798720	single-workgroup-tree	20	39	-	20	80	2	30	64	182.667	213.875	229.875	34.048	2599.542	2727.334	2803.041	75.426	38.3631	39.8962	1.7377	measured
1024	780	798720	single-workgroup-tree	26	30	-	26	112	2	30	64	187.125	205.708	230.167	30.419	2754.708	2879.458	2984.958	75.915	40.7553	42.4405	1.6878	measured
1024	780	798720	single-workgroup-tree	30	26	-	30	128	2	30	64	184.917	214.334	233.042	18.966	2705.292	2810.500	2905.583	67.067	40.0060	41.2090	1.3656	measured
1024	780	798720	single-workgroup-tree	39	20	-	39	160	2	30	64	184.083	210.459	229.834	15.442	2631.958	2720.125	2792.834	72.650	38.8552	39.8360	1.3983	measured
1024	780	798720	single-workgroup-tree	52	15	-	52	208	2	30	64	186.792	209.334	237.042	34.333	2607.208	2713.167	2807.416	73.563	38.4193	39.7434	1.7126	measured
1024	780	798720	single-workgroup-tree	60	13	-	60	240	2	30	64	188.000	207.792	232.167	32.592	2918.458	2988.625	3091.750	61.363	43.3406	44.1402	1.4914	measured
1024	780	798720	single-workgroup-tree	65	12	-	65	272	2	30	64	182.500	208.750	227.292	28.903	2611.375	2710.417	2829.917	76.622	38.5536	39.7090	1.6750	measured
1024	780	798720	single-workgroup-tree	78	10	-	78	320	2	30	64	184.709	209.333	235.208	20.990	2638.917	2736.375	2794.917	52.493	38.9557	40.1118	1.1664	measured
1024	780	798720	single-workgroup-tree	130	6	-	130	528	2	30	64	164.375	213.875	229.833	17.454	2903.625	2984.375	3068.292	57.138	43.4802	43.9762	1.1840	measured
1024	780	798720	single-workgroup-tree	156	5	-	156	624	2	30	64	190.083	214.333	235.958	37.068	2842.708	2971.875	3034.792	67.550	42.1052	43.7705	1.6606	measured
1024	780	798720	single-workgroup-tree	195	4	-	195	784	2	30	64	193.625	224.125	240.958	31.909	3264.083	3393.708	3463.333	61.051	48.7374	50.3108	1.4755	measured
1024	780	798720	single-workgroup-tree	260	3	production	260	1040	2	30	64	190.292	214.375	235.500	15.290	3029.458	3131.708	3199.833	48.649	45.0661	46.3069	1.0149	measured
1024	780	798720	single-workgroup-tree	390	2	-	390	1568	2	30	64	222.333	250.709	272.791	18.857	5021.667	5122.208	5241.500	77.247	76.1799	77.3254	1.5255	measured
1024	1042	1067008	single-workgroup-tree	2	521	production	2	16	2	30	64	217.917	250.416	271.333	16.863	4105.625	4210.250	4334.958	79.128	61.7097	62.8545	1.5237	measured
1024	1042	1067008	single-workgroup-tree	521	2	-	521	2096	2	30	64	216.250	249.583	259.333	32.403	4074.250	4155.125	4269.917	69.465	61.2381	61.9927	1.6170	measured
1024	756	774144	single-workgroup-tree	2	378	-	2	16	2	30	64	191.291	212.167	242.834	32.700	3207.334	3357.167	3438.375	76.190	47.8737	49.9206	1.7284	measured
1024	756	774144	single-workgroup-tree	3	252	-	3	16	2	30	64	213.834	237.709	261.958	21.119	4562.709	4670.208	4783.708	78.322	69.0298	70.3571	1.5784	measured
1024	756	774144	single-workgroup-tree	4	189	-	4	16	2	30	64	189.459	199.333	234.958	27.615	2973.042	3108.875	3180.292	69.628	44.1839	46.1832	1.5435	measured
1024	756	774144	single-workgroup-tree	6	126	-	6	32	2	30	64	187.834	203.666	232.625	15.409	2858.292	2980.500	3052.584	59.932	42.3882	44.0767	1.1959	measured
1024	756	774144	single-workgroup-tree	7	108	-	7	32	2	30	64	194.833	208.167	238.917	29.714	3306.958	3463.916	3538.708	80.854	49.3988	51.6786	1.7550	measured
1024	756	774144	single-workgroup-tree	9	84	-	9	48	2	30	64	193.166	209.750	236.958	17.193	3107.834	3244.375	3335.125	72.484	46.2646	48.1687	1.4234	measured
1024	756	774144	single-workgroup-tree	12	63	-	12	48	2	30	64	185.750	201.375	226.917	16.671	2716.750	2814.875	2910.416	70.053	40.1746	41.4841	1.3766	measured
1024	756	774144	single-workgroup-tree	14	54	-	14	64	2	30	64	189.000	214.917	235.542	19.520	2850.916	2979.625	3061.708	66.007	42.2526	43.8843	1.3576	measured
1024	756	774144	single-workgroup-tree	18	42	-	18	80	2	30	64	183.042	211.500	241.375	45.394	2756.250	2869.875	2988.584	80.419	40.8446	42.1964	1.9970	measured
1024	756	774144	single-workgroup-tree	21	36	-	21	96	2	30	64	177.834	206.250	228.292	20.044	2496.583	2656.291	2713.416	75.402	36.8055	38.8895	1.5150	measured
1024	756	774144	single-workgroup-tree	27	28	-	27	112	2	30	64	182.834	204.458	225.708	15.772	2497.834	2662.667	2715.416	58.797	36.7460	39.0192	1.1836	measured
1024	756	774144	single-workgroup-tree	28	27	-	28	112	2	30	64	183.416	204.041	227.000	16.437	2519.791	2610.375	2699.250	67.526	37.0853	38.1958	1.3327	measured
1024	756	774144	single-workgroup-tree	36	21	-	36	144	2	30	64	184.833	205.500	229.042	20.061	2561.500	2698.875	2769.667	65.469	37.7249	39.5774	1.3576	measured
1024	756	774144	single-workgroup-tree	42	18	-	42	176	2	30	64	183.416	200.750	232.583	19.659	2745.458	2819.875	2928.000	67.602	40.6673	41.5734	1.3851	measured
1024	756	774144	single-workgroup-tree	54	14	-	54	224	2	30	64	189.625	207.667	232.792	16.343	2794.667	2872.542	2977.917	67.381	41.3499	42.2996	1.3290	measured
1024	756	774144	single-workgroup-tree	63	12	-	63	256	2	30	64	184.417	209.083	232.791	16.862	2662.291	2770.000	2863.375	75.001	39.3313	40.6495	1.4581	measured
1024	756	774144	single-workgroup-tree	84	9	-	84	336	2	30	64	178.208	216.959	237.416	42.143	2975.542	3114.959	3184.167	75.792	44.4021	46.0000	1.8720	measured
1024	756	774144	single-workgroup-tree	108	7	-	108	432	2	30	64	171.667	219.417	241.291	36.350	3100.458	3299.042	3391.917	85.781	46.4887	48.8829	1.9386	measured
1024	756	774144	single-workgroup-tree	126	6	-	126	512	2	30	64	184.459	210.667	233.167	28.706	2704.625	2854.000	2894.333	57.533	40.0026	41.9577	1.3689	measured
1024	756	774144	single-workgroup-tree	189	4	-	189	768	2	30	64	191.041	207.500	233.667	35.853	2917.333	3032.041	3110.208	73.569	43.2745	44.8340	1.7368	measured
1024	756	774144	single-workgroup-tree	252	3	production	252	1008	2	30	64	210.208	221.333	248.167	15.169	4047.375	4194.917	4285.792	81.902	60.9074	63.0728	1.5408	measured
1024	756	774144	single-workgroup-tree	378	2	-	378	1520	2	30	64	194.209	206.000	237.334	16.812	3116.167	3282.792	3347.791	67.856	46.3803	48.8380	1.3439	measured
1024	779	797696	single-workgroup-tree	19	41	-	19	80	2	30	64	197.834	225.208	231.542	24.401	2591.083	2745.750	2849.667	77.057	37.9881	40.0086	1.6105	measured
1024	779	797696	single-workgroup-tree	41	19	production	41	176	2	30	64	186.916	226.833	237.333	22.543	2617.875	2744.500	2801.042	62.972	38.5867	39.9630	1.3574	measured
1024	840	860160	single-workgroup-tree	2	420	-	2	16	2	30	64	240.833	275.833	292.709	44.632	6257.291	6417.708	6493.042	80.838	95.4993	97.4901	1.9916	measured
1024	840	860160	single-workgroup-tree	3	280	-	3	16	2	30	64	195.875	217.417	242.292	17.432	3364.166	3527.667	3621.333	79.186	50.2903	52.5437	1.5336	measured
1024	840	860160	single-workgroup-tree	4	210	-	4	16	2	30	64	194.750	221.125	243.333	33.912	3231.542	3358.625	3448.708	71.789	48.2030	49.8016	1.6778	measured
1024	840	860160	single-workgroup-tree	5	168	-	5	32	2	30	64	204.875	238.042	252.834	17.505	4060.792	4224.541	4330.250	83.449	61.2050	63.2778	1.6025	measured
1024	840	860160	single-workgroup-tree	6	140	-	6	32	2	30	64	201.500	229.209	257.208	34.409	3823.459	3949.917	4043.458	80.162	57.4914	59.0589	1.8186	measured
1024	840	860160	single-workgroup-tree	7	120	-	7	32	2	30	64	189.834	214.833	239.000	17.908	2881.500	3003.458	3085.833	56.395	42.7249	44.2639	1.1794	measured
1024	840	860160	single-workgroup-tree	8	105	-	8	32	2	30	64	184.500	216.209	239.167	30.145	2850.417	2956.625	3031.333	60.508	42.3161	43.4987	1.4389	measured
1024	840	860160	single-workgroup-tree	10	84	-	10	48	2	30	64	194.875	211.666	241.333	31.387	3353.166	3465.750	3587.250	100.519	50.1316	51.6521	2.0937	measured
1024	840	860160	single-workgroup-tree	12	70	-	12	48	2	30	64	187.000	217.625	242.416	38.777	2756.625	2883.167	2951.750	60.980	40.7877	42.3102	1.5834	measured
1024	840	860160	single-workgroup-tree	14	60	-	14	64	2	30	64	180.083	215.208	241.958	18.606	3149.750	3264.458	3327.959	54.083	47.1376	48.4008	1.1538	measured
1024	840	860160	single-workgroup-tree	15	56	-	15	64	2	30	64	188.083	217.667	242.042	48.585	2766.792	2889.458	2962.667	57.465	40.9319	42.4094	1.6833	measured
1024	840	860160	single-workgroup-tree	20	42	-	20	80	2	30	64	190.917	212.042	238.458	26.835	2987.333	3107.208	3200.833	79.602	44.3876	45.9550	1.6895	measured
1024	840	860160	single-workgroup-tree	21	40	-	21	96	2	30	64	168.375	214.125	231.083	17.662	2725.625	2843.708	2913.833	61.084	40.5913	41.7394	1.2499	measured
1024	840	860160	single-workgroup-tree	24	35	-	24	96	2	30	64	183.125	216.792	233.750	17.724	2753.000	2833.500	2915.625	62.154	40.7917	41.5350	1.2679	measured
1024	840	860160	single-workgroup-tree	28	30	-	28	112	2	30	64	189.500	215.750	234.708	25.914	2915.209	3019.250	3094.291	60.221	43.2652	44.5000	1.3672	measured
1024	840	860160	single-workgroup-tree	30	28	-	30	128	2	30	64	191.625	217.625	235.625	17.328	2850.792	2965.000	3036.167	66.537	42.2090	43.6091	1.3312	measured
1024	840	860160	single-workgroup-tree	35	24	-	35	144	2	30	64	180.125	205.959	237.000	19.269	2788.042	2912.167	2991.542	63.493	41.3955	42.9557	1.3137	measured
1024	840	860160	single-workgroup-tree	40	21	-	40	160	2	30	64	189.667	217.542	236.666	22.817	2762.791	2871.167	2955.875	64.276	40.8432	42.1210	1.3824	measured
1024	840	860160	single-workgroup-tree	42	20	-	42	176	2	30	64	189.084	215.125	237.250	18.064	2954.458	3047.458	3129.209	54.176	43.8948	44.9577	1.1467	measured
1024	840	860160	single-workgroup-tree	56	15	-	56	224	2	30	64	187.625	217.167	300.875	45.261	2768.959	2890.166	2942.667	56.620	40.9736	42.4286	1.6172	measured
1024	840	860160	single-workgroup-tree	60	14	-	60	240	2	30	64	189.792	221.959	238.041	28.275	3069.917	3165.833	3248.833	64.635	45.7163	46.7282	1.4748	measured
1024	840	860160	single-workgroup-tree	70	12	-	70	288	2	30	64	188.541	211.958	232.000	17.546	2770.084	2930.375	2994.959	72.172	40.9769	43.1495	1.4241	measured
1024	840	860160	single-workgroup-tree	84	10	-	84	336	2	30	64	197.417	225.458	244.000	26.921	3233.000	3381.458	3446.583	75.790	48.1839	50.0952	1.6303	measured
1024	840	860160	single-workgroup-tree	105	8	-	105	432	2	30	64	189.667	204.250	233.917	17.660	2837.917	2980.333	3030.667	57.093	42.0357	44.0648	1.1866	measured
1024	840	860160	single-workgroup-tree	120	7	-	120	480	2	30	64	187.458	217.833	241.292	28.889	2849.167	2972.125	3048.208	61.276	42.2493	43.7189	1.4312	measured
1024	840	860160	single-workgroup-tree	140	6	-	140	560	2	30	64	199.709	229.208	253.750	33.479	3552.458	3694.542	3797.250	78.663	53.2182	55.0053	1.7800	measured
1024	840	860160	single-workgroup-tree	168	5	-	168	672	2	30	64	205.375	223.000	247.333	32.032	3739.334	3842.000	3965.917	77.924	56.0946	57.4444	1.7453	measured
1024	840	860160	single-workgroup-tree	210	4	-	210	848	2	30	64	192.750	210.250	236.208	18.575	3000.709	3098.417	3191.959	78.500	44.5708	45.8439	1.5409	measured
1024	840	860160	single-workgroup-tree	280	3	production	280	1120	2	30	64	191.792	213.834	241.125	19.305	3169.333	3282.250	3373.125	59.828	47.2626	48.7050	1.2561	measured
1024	840	860160	single-workgroup-tree	420	2	-	420	1680	2	30	64	228.375	250.125	273.084	18.051	5367.916	5530.958	5606.208	81.191	81.5800	83.8227	1.5753	measured
1024	1018	1042432	single-workgroup-tree	2	509	-	2	16	2	30	64	217.791	257.542	269.000	20.223	4716.250	4842.667	4934.667	69.228	71.4041	72.7798	1.4199	measured
1024	1018	1042432	single-workgroup-tree	509	2	production	509	2048	2	30	64	214.417	251.333	268.375	27.074	4451.125	4602.375	4672.875	71.714	67.2493	69.0642	1.5681	measured
1024	1020	1044480	single-workgroup-tree	2	510	-	2	16	2	30	64	263.792	287.500	311.000	33.887	7514.500	7603.625	7755.042	84.436	115.0906	116.1290	1.8781	measured
1024	1020	1044480	single-workgroup-tree	3	340	-	3	16	2	30	64	211.792	238.791	268.750	27.494	4340.834	4458.250	4575.333	63.764	65.5403	66.9755	1.4485	measured
1024	1020	1044480	single-workgroup-tree	4	255	-	4	16	2	30	64	189.083	244.250	257.375	20.767	4319.917	4409.416	4542.084	83.097	65.5688	66.1137	1.6486	measured
1024	1020	1044480	single-workgroup-tree	5	204	-	5	32	2	30	64	204.750	229.208	254.792	30.835	3709.042	3826.917	3909.083	63.198	55.6237	57.1065	1.4926	measured
1024	1020	1044480	single-workgroup-tree	6	170	-	6	32	2	30	64	202.667	226.125	277.417	46.687	3549.291	3629.708	3717.208	60.457	53.1210	54.0251	1.7007	measured
1024	1020	1044480	single-workgroup-tree	10	102	-	10	48	2	30	64	206.500	226.000	253.333	17.088	3884.458	4014.583	4132.375	81.338	58.3803	60.1362	1.5623	measured
1024	1020	1044480	single-workgroup-tree	12	85	-	12	48	2	30	64	195.583	222.333	243.541	17.129	3271.000	3369.750	3465.792	58.556	48.8161	49.9590	1.2014	measured
1024	1020	1044480	single-workgroup-tree	15	68	-	15	64	2	30	64	203.833	227.750	246.084	16.959	3676.583	3758.417	3845.834	54.631	55.1230	56.0423	1.1363	measured
1024	1020	1044480	single-workgroup-tree	17	60	-	17	80	2	30	64	202.000	229.000	254.292	37.573	3644.083	3730.417	3797.291	50.413	54.6362	55.5780	1.3966	measured
1024	1020	1044480	single-workgroup-tree	20	51	-	20	80	2	30	64	196.291	222.375	241.417	15.690	3264.792	3334.792	3446.625	79.794	48.7064	49.4034	1.5156	measured
1024	1020	1044480	single-workgroup-tree	30	34	-	30	128	2	30	64	198.416	225.416	245.375	18.900	3362.583	3453.084	3554.958	62.932	50.2249	51.2328	1.2989	measured
1024	1020	1044480	single-workgroup-tree	34	30	-	34	144	2	30	64	199.750	230.500	246.000	44.878	3586.209	3678.958	3762.709	57.052	53.7533	54.7374	1.6179	measured
1024	1020	1044480	single-workgroup-tree	51	20	-	51	208	2	30	64	189.875	225.500	251.042	47.924	3293.125	3356.292	3453.750	55.224	49.2579	49.6951	1.6373	measured
1024	1020	1044480	single-workgroup-tree	60	17	-	60	240	2	30	64	200.875	218.959	245.792	18.826	3569.250	3677.750	3745.583	58.345	53.4663	54.9014	1.2249	measured
1024	1020	1044480	single-workgroup-tree	68	15	-	68	272	2	30	64	198.875	216.583	250.792	30.718	3605.833	3715.458	3803.250	63.809	54.0787	55.5377	1.5004	measured
1024	1020	1044480	single-workgroup-tree	85	12	-	85	352	2	30	64	195.375	213.917	243.542	17.852	3315.834	3389.125	3460.542	60.450	49.5311	50.4001	1.2429	measured
1024	1020	1044480	single-workgroup-tree	102	10	-	102	416	2	30	64	204.125	225.750	249.709	32.124	3834.417	3923.917	4018.875	65.141	57.6237	58.7011	1.5439	measured
1024	1020	1044480	single-workgroup-tree	170	6	-	170	688	2	30	64	198.750	225.958	242.750	20.382	3459.459	3550.584	3615.959	51.523	51.7573	52.7718	1.1413	measured
1024	1020	1044480	single-workgroup-tree	204	5	-	204	816	2	30	64	199.666	220.500	246.625	42.457	3553.125	3658.959	3724.541	127.747	53.2295	54.5787	2.7016	measured
1024	1020	1044480	single-workgroup-tree	255	4	production	255	1024	2	30	64	209.167	239.708	258.000	24.181	4108.750	4188.542	4314.583	77.727	61.8981	62.6799	1.6176	measured
1024	1020	1044480	single-workgroup-tree	340	3	-	340	1360	2	30	64	210.333	230.792	251.250	16.936	4149.375	4279.000	4364.375	69.892	62.5245	64.2573	1.3782	measured
1024	1020	1044480	single-workgroup-tree	510	2	-	510	2048	2	30	64	245.208	262.541	293.834	28.686	6377.625	6500.875	6586.834	71.258	97.3400	99.0212	1.5864	measured
1024	768	786432	single-workgroup-tree	2	384	-	2	16	2	30	64	234.084	238.208	275.750	41.505	5757.542	5886.833	6021.208	77.456	87.6739	89.6607	1.8883	measured
1024	768	786432	single-workgroup-tree	3	256	-	3	16	2	30	64	186.583	193.084	197.500	3.876	2943.458	3023.416	3094.000	62.178	43.7599	44.9259	1.0485	measured
1024	768	786432	single-workgroup-tree	4	192	-	4	16	2	30	64	205.791	210.417	215.375	30.417	4096.541	4240.375	4335.917	80.978	61.7579	63.9676	1.7682	measured
1024	768	786432	single-workgroup-tree	6	128	-	6	32	2	30	64	196.458	202.625	205.167	2.337	3538.417	3669.625	3762.625	80.829	53.0470	55.0317	1.3201	measured
1024	768	786432	single-workgroup-tree	8	96	-	8	32	2	30	64	183.709	188.667	197.000	28.044	2619.417	2765.291	2832.042	68.571	38.6620	40.8988	1.5336	measured
1024	768	786432	single-workgroup-tree	12	64	-	12	48	2	30	64	177.542	188.000	194.708	31.814	2538.917	2694.833	2775.292	79.350	37.4821	39.7910	1.7645	measured
1024	768	786432	single-workgroup-tree	16	48	-	16	64	2	30	64	186.000	192.292	197.834	9.130	2809.333	2946.042	3024.791	69.779	41.6402	43.7103	1.2525	measured
1024	768	786432	single-workgroup-tree	24	32	-	24	96	2	30	64	186.417	190.792	195.875	30.120	2732.250	2853.542	2928.042	76.353	40.4100	42.2659	1.6901	measured
1024	768	786432	single-workgroup-tree	32	24	-	32	128	2	30	64	183.500	189.625	196.542	3.776	2645.083	2786.458	2851.625	74.602	39.0727	41.2196	1.2441	measured
1024	768	786432	single-workgroup-tree	48	16	-	48	192	2	30	64	185.875	192.208	196.708	20.253	2759.833	2891.000	2984.917	72.303	40.8565	42.8380	1.4691	measured
1024	768	786432	single-workgroup-tree	64	12	-	64	256	2	30	64	180.250	189.500	192.875	27.568	2521.041	2660.667	2757.125	68.501	37.1554	39.2249	1.5249	measured
1024	768	786432	single-workgroup-tree	96	8	-	96	384	2	30	64	185.083	189.625	194.042	3.263	2585.583	2751.041	2784.375	62.318	38.1032	40.6574	1.0410	measured
1024	768	786432	single-workgroup-tree	128	6	-	128	512	2	30	64	190.916	199.125	206.667	29.598	3242.917	3427.833	3495.042	96.422	48.4445	51.2493	2.0003	measured
1024	768	786432	single-workgroup-tree	192	4	-	192	768	2	30	64	200.333	205.292	209.458	14.900	3615.417	3761.041	3875.334	80.437	54.2077	56.4405	1.5133	measured
1024	768	786432	single-workgroup-tree	256	3	production	256	1024	2	30	64	166.750	192.834	198.625	33.135	2866.167	2975.708	3069.459	58.691	42.8479	44.1726	1.4576	measured
1024	768	786432	single-workgroup-tree	384	2	-	384	1536	2	30	64	208.458	223.834	232.500	6.748	4883.708	4999.708	5119.042	80.169	74.2103	75.8075	1.3796	measured
1024	781	799744	single-workgroup-tree	11	71	-	11	48	2	30	64	186.583	199.250	223.833	20.328	2610.166	2740.042	2799.041	68.930	38.4696	40.3300	1.4168	measured
1024	781	799744	single-workgroup-tree	71	11	production	71	288	2	30	64	183.459	198.125	224.041	26.072	2605.959	2771.708	2846.459	91.681	38.4524	40.8505	1.8691	measured
1024	960	983040	single-workgroup-tree	2	480	-	2	16	2	30	64	253.042	282.417	299.750	16.299	7135.500	7272.958	7339.041	62.251	109.2454	110.9610	1.2468	measured
1024	960	983040	single-workgroup-tree	3	320	-	3	16	2	30	64	202.834	231.584	247.417	26.127	3675.042	3822.625	3923.917	80.813	55.1144	57.0007	1.6975	measured
1024	960	983040	single-workgroup-tree	4	240	-	4	16	2	30	64	224.750	247.042	264.167	29.033	5030.459	5169.750	5261.334	74.733	76.2811	78.1382	1.6471	measured
1024	960	983040	single-workgroup-tree	5	192	-	5	32	2	30	64	215.292	241.834	266.125	26.361	4607.667	4718.208	4800.083	75.220	69.7202	71.0536	1.6124	measured
1024	960	983040	single-workgroup-tree	6	160	-	6	32	2	30	64	197.875	222.709	243.916	34.388	3541.750	3663.333	3738.958	76.148	53.0774	54.6131	1.7545	measured
1024	960	983040	single-workgroup-tree	8	120	-	8	32	2	30	64	196.666	221.958	257.167	28.668	3211.334	3312.459	3424.167	68.813	47.8519	49.0556	1.5473	measured
1024	960	983040	single-workgroup-tree	10	96	-	10	48	2	30	64	190.791	221.458	240.041	17.187	3149.000	3263.792	3336.333	73.241	46.9557	48.2910	1.4354	measured
1024	960	983040	single-workgroup-tree	12	80	-	12	48	2	30	64	201.750	228.542	245.792	17.242	3619.833	3730.083	3856.084	89.968	54.2553	55.5800	1.7017	measured
1024	960	983040	single-workgroup-tree	15	64	-	15	64	2	30	64	194.000	221.375	242.917	18.422	3073.541	3188.917	3252.250	51.052	45.7070	47.1038	1.1028	measured
1024	960	983040	single-workgroup-tree	16	60	-	16	64	2	30	64	198.417	225.416	244.959	33.500	3458.834	3570.541	3626.667	59.375	51.7527	53.0972	1.4742	measured
1024	960	983040	single-workgroup-tree	20	48	-	20	80	2	30	64	198.333	224.709	247.042	36.898	3366.250	3479.584	3534.375	56.001	50.2844	51.6647	1.4746	measured
1024	960	983040	single-workgroup-tree	24	40	-	24	96	2	30	64	185.542	216.958	235.833	30.203	3069.958	3158.292	3254.125	64.353	45.7844	46.6878	1.5009	measured
1024	960	983040	single-workgroup-tree	30	32	-	30	128	2	30	64	179.708	215.792	238.458	28.989	3359.584	3492.083	3560.417	63.026	50.4742	52.0046	1.4606	measured
1024	960	983040	single-workgroup-tree	32	30	-	32	128	2	30	64	194.375	215.791	238.542	18.848	3395.584	3530.458	3574.208	72.416	50.8128	52.6138	1.4486	measured
1024	960	983040	single-workgroup-tree	40	24	-	40	160	2	30	64	191.916	215.000	246.667	43.952	3129.917	3246.750	3307.209	62.968	46.6349	48.1230	1.6971	measured
1024	960	983040	single-workgroup-tree	48	20	-	48	192	2	30	64	198.375	224.084	241.708	16.187	3334.125	3451.583	3534.542	53.275	49.7738	51.2301	1.1026	measured
1024	960	983040	single-workgroup-tree	60	16	-	60	240	2	30	64	198.458	226.792	243.167	30.425	3399.250	3529.250	3577.833	55.954	50.8062	52.4200	1.3711	measured
1024	960	983040	single-workgroup-tree	64	15	-	64	256	2	30	64	189.875	221.875	236.042	17.033	3105.375	3231.042	3301.625	65.157	46.2778	47.7646	1.3046	measured
1024	960	983040	single-workgroup-tree	80	12	-	80	320	2	30	64	196.000	225.875	243.875	17.507	3536.708	3633.041	3702.667	53.577	53.0271	54.0820	1.1283	measured
1024	960	983040	single-workgroup-tree	96	10	-	96	384	2	30	64	195.834	224.083	239.625	39.966	3144.250	3253.042	3331.292	62.958	46.8003	48.0787	1.6337	measured
1024	960	983040	single-workgroup-tree	120	8	-	120	480	2	30	64	194.000	216.458	239.417	16.477	3172.375	3306.542	3372.500	65.233	47.2758	49.0490	1.2970	measured
1024	960	983040	single-workgroup-tree	160	6	-	160	640	2	30	64	201.417	223.792	243.250	40.315	3452.917	3589.500	3651.541	60.060	51.6111	53.4239	1.5933	measured
1024	960	983040	single-workgroup-tree	192	5	-	192	768	2	30	64	212.333	230.875	255.125	30.228	4260.500	4362.542	4432.250	63.757	64.2566	65.5820	1.4918	measured
1024	960	983040	single-workgroup-tree	240	4	production	240	960	2	30	64	215.833	248.083	260.958	31.861	4514.750	4634.458	4723.500	64.188	68.2368	69.6250	1.5246	measured
1024	960	983040	single-workgroup-tree	320	3	-	320	1280	2	30	64	201.834	229.250	249.167	31.819	3554.959	3674.041	3773.792	65.543	53.2242	54.6792	1.5454	measured
1024	960	983040	single-workgroup-tree	480	2	-	480	1920	2	30	64	237.584	267.917	287.250	19.000	6035.833	6154.500	6245.416	69.967	92.0357	93.4378	1.4122	measured
1024	1022	1046528	single-workgroup-tree	2	511	-	2	16	2	30	64	211.042	220.375	253.709	13.750	4102.583	4228.959	4301.875	69.125	61.7705	63.6283	1.3155	measured
1024	1022	1046528	single-workgroup-tree	7	146	-	7	32	2	30	64	203.208	215.667	254.500	33.447	3655.625	3730.541	3799.375	50.092	54.8003	55.7917	1.3260	measured
1024	1022	1046528	single-workgroup-tree	14	73	-	14	64	2	30	64	198.041	209.958	246.083	41.091	3274.042	3372.708	3450.500	71.748	48.8254	50.2024	1.7911	measured
1024	1022	1046528	single-workgroup-tree	73	14	-	73	304	2	30	64	198.834	209.292	239.958	24.377	3322.750	3432.458	3504.083	67.164	49.5860	51.1614	1.4530	measured
1024	1022	1046528	single-workgroup-tree	146	7	production	146	592	2	30	64	202.167	213.333	236.167	13.283	3504.834	3594.917	3659.833	50.116	52.4233	53.6759	1.0063	measured
1024	1022	1046528	single-workgroup-tree	511	2	-	511	2048	2	30	64	209.625	221.334	254.167	31.415	4081.792	4191.500	4280.708	63.699	61.4630	63.0185	1.5098	measured
1024	1046	1071104	single-workgroup-tree	2	523	production	2	16	2	30	64	212.667	248.209	266.333	35.062	4242.250	4318.875	4397.584	55.732	63.9616	64.6137	1.4412	measured
1024	1046	1071104	single-workgroup-tree	523	2	-	523	2096	2	30	64	217.375	246.084	260.459	25.454	4156.291	4253.042	4353.750	69.790	62.5225	63.6025	1.5118	measured
2048	780	1597440	single-workgroup-tree	2	390	-	2	16	2	30	64	314.167	345.333	363.875	45.474	10506.833	10631.875	10738.542	68.079	161.7883	163.2784	1.8024	measured
2048	780	1597440	single-workgroup-tree	3	260	-	3	16	2	30	64	240.167	266.875	291.208	30.897	5887.500	6046.083	6147.917	96.735	89.6402	91.7335	2.0259	measured
2048	780	1597440	single-workgroup-tree	4	195	-	4	16	2	30	64	249.166	270.042	296.792	30.529	6257.542	6410.917	6480.125	84.307	95.3710	97.4742	1.8228	measured
2048	780	1597440	single-workgroup-tree	5	156	-	5	32	2	30	64	236.166	251.916	284.750	34.096	5562.458	5686.167	5755.500	71.729	84.5443	86.2580	1.6798	measured
2048	780	1597440	single-workgroup-tree	6	130	-	6	32	2	30	64	234.000	254.833	288.250	35.555	5454.333	5572.709	5667.084	70.770	82.8624	84.4107	1.6877	measured
2048	780	1597440	single-workgroup-tree	10	78	-	10	48	2	30	64	224.417	250.125	277.333	30.504	4907.709	5012.167	5070.958	55.298	74.3380	75.5880	1.3619	measured
2048	780	1597440	single-workgroup-tree	12	65	-	12	48	2	30	64	225.375	252.791	275.584	31.661	4839.333	4960.709	5018.333	69.276	73.2374	74.7289	1.6022	measured
2048	780	1597440	single-workgroup-tree	13	60	-	13	64	2	30	64	234.041	257.917	282.542	30.866	5473.250	5586.625	5670.333	79.198	83.1620	84.5827	1.7470	measured
2048	780	1597440	single-workgroup-tree	15	52	-	15	64	2	30	64	222.333	247.250	274.083	18.685	4767.000	4928.084	4982.084	68.246	72.1376	74.2990	1.3799	measured
2048	780	1597440	single-workgroup-tree	20	39	-	20	80	2	30	64	221.708	236.875	273.750	19.479	4799.041	4935.542	4999.500	56.779	72.6561	74.5820	1.2104	measured
2048	780	1597440	single-workgroup-tree	26	30	-	26	112	2	30	64	228.834	253.166	281.334	21.335	5112.917	5226.583	5300.667	64.354	77.5251	78.9431	1.3601	measured
2048	780	1597440	single-workgroup-tree	30	26	-	30	128	2	30	64	225.458	246.792	284.334	34.051	5019.792	5115.667	5199.084	62.119	76.1005	77.2837	1.5265	measured
2048	780	1597440	single-workgroup-tree	39	20	-	39	160	2	30	64	215.708	242.167	274.625	18.756	4864.291	4999.334	5058.042	63.310	73.7870	75.5106	1.3026	measured
2048	780	1597440	single-workgroup-tree	52	15	-	52	208	2	30	64	227.000	253.500	274.958	29.223	4879.000	4959.500	5010.458	47.078	73.8413	74.6984	1.2111	measured
2048	780	1597440	single-workgroup-tree	60	13	-	60	240	2	30	64	230.333	256.500	282.583	33.364	5280.000	5411.083	5502.750	82.938	80.1534	81.8188	1.8461	measured
2048	780	1597440	single-workgroup-tree	65	12	-	65	272	2	30	64	223.166	247.625	281.333	46.941	4816.750	4967.084	5029.958	55.075	72.9140	74.9120	1.6193	measured
2048	780	1597440	single-workgroup-tree	78	10	-	78	320	2	30	64	220.083	253.833	277.583	20.343	4870.083	5008.542	5062.500	52.407	73.8095	75.4716	1.1548	measured
2048	780	1597440	single-workgroup-tree	130	6	-	130	528	2	30	64	229.708	262.584	285.500	25.245	5289.708	5434.084	5498.958	66.467	80.3175	82.0873	1.4557	measured
2048	780	1597440	single-workgroup-tree	156	5	-	156	624	2	30	64	227.666	262.541	282.083	28.432	5254.084	5377.667	5467.250	75.805	79.7844	81.1925	1.6546	measured
2048	780	1597440	single-workgroup-tree	195	4	-	195	784	2	30	64	223.917	269.792	291.916	20.450	5897.209	6028.834	6082.125	55.280	90.0523	91.4134	1.2021	measured
2048	780	1597440	single-workgroup-tree	260	3	production	260	1040	2	30	64	234.958	272.125	291.292	33.353	5589.542	5748.333	5806.042	69.529	84.9934	86.9239	1.6330	measured
2048	780	1597440	single-workgroup-tree	390	2	-	390	1568	2	30	64	286.041	311.959	334.959	32.910	8796.000	8944.292	9023.166	71.402	135.0787	137.0212	1.6557	measured
2048	1042	2134016	single-workgroup-tree	2	521	production	2	16	2	30	64	271.000	304.667	326.875	23.834	7758.334	7867.125	7932.417	67.844	118.8466	120.0390	1.4552	measured
2048	1042	2134016	single-workgroup-tree	521	2	-	521	2096	2	30	64	269.583	302.375	332.542	31.812	7683.666	7760.416	7811.041	46.211	117.6839	118.3816	1.2385	measured
2048	756	1548288	single-workgroup-tree	2	378	-	2	16	2	30	64	240.541	270.000	287.958	15.157	5895.958	6027.709	6101.125	55.849	89.7685	91.3922	1.1271	measured
2048	756	1548288	single-workgroup-tree	3	252	-	3	16	2	30	64	256.042	305.334	327.625	27.914	8294.875	8400.125	8524.000	90.535	127.6005	128.4887	1.8801	measured
2048	756	1548288	single-workgroup-tree	4	189	-	4	16	2	30	64	236.208	276.625	290.209	20.835	5546.000	5656.000	5740.500	56.986	84.2824	85.3869	1.2352	measured
2048	756	1548288	single-workgroup-tree	6	126	-	6	32	2	30	64	229.208	262.875	285.417	27.076	5222.958	5362.625	5439.791	58.112	79.2659	80.9484	1.3522	measured
2048	756	1548288	single-workgroup-tree	7	108	-	7	32	2	30	64	241.250	278.875	301.625	31.418	6080.584	6208.833	6307.333	77.358	92.6878	94.1263	1.7266	measured
2048	756	1548288	single-workgroup-tree	9	84	-	9	48	2	30	64	235.875	271.333	297.541	39.230	5729.917	5826.416	5903.500	64.318	87.2070	88.1759	1.6436	measured
2048	756	1548288	single-workgroup-tree	12	63	-	12	48	2	30	64	225.875	268.209	280.459	38.963	5026.666	5155.375	5217.709	69.291	76.2030	77.5741	1.7183	measured
2048	756	1548288	single-workgroup-tree	14	54	-	14	64	2	30	64	228.334	253.167	281.000	18.341	5295.459	5409.125	5466.458	54.146	80.4306	81.8406	1.1506	measured
2048	756	1548288	single-workgroup-tree	18	42	-	18	80	2	30	64	226.167	266.834	278.125	35.877	5102.583	5264.083	5348.792	72.956	77.4034	79.3214	1.7275	measured
2048	756	1548288	single-workgroup-tree	21	36	-	21	96	2	30	64	211.208	243.792	270.125	17.324	4658.875	4772.625	4872.167	83.623	70.5979	71.8862	1.6023	measured
2048	756	1548288	single-workgroup-tree	27	28	-	27	112	2	30	64	222.000	257.084	277.083	21.302	4642.917	4742.750	4827.000	53.878	70.1733	71.2010	1.1933	measured
2048	756	1548288	single-workgroup-tree	28	27	-	28	112	2	30	64	219.375	254.625	276.833	37.227	4615.542	4744.000	4808.667	56.141	69.7804	71.2599	1.4820	measured
2048	756	1548288	single-workgroup-tree	36	21	-	36	144	2	30	64	222.125	251.500	272.167	30.177	4741.541	4881.208	4928.500	53.767	71.7368	73.4874	1.3324	measured
2048	756	1548288	single-workgroup-tree	42	18	-	42	176	2	30	64	225.916	249.292	279.333	22.876	4991.875	5123.417	5188.750	59.927	75.6501	77.3671	1.3143	measured
2048	756	1548288	single-workgroup-tree	54	14	-	54	224	2	30	64	224.708	255.042	281.542	43.876	5108.875	5228.875	5290.000	59.338	77.5265	78.9497	1.6383	measured
2048	756	1548288	single-workgroup-tree	63	12	-	63	256	2	30	64	222.625	250.250	276.833	20.378	4875.875	5020.417	5067.667	62.306	73.8611	75.7169	1.3125	measured
2048	756	1548288	single-workgroup-tree	84	9	-	84	336	2	30	64	229.958	264.375	283.041	31.229	5361.125	5505.083	5600.542	76.823	81.4471	83.1858	1.7151	measured
2048	756	1548288	single-workgroup-tree	108	7	-	108	432	2	30	64	237.500	261.458	289.875	25.775	5641.000	5782.625	5865.875	62.740	85.7698	87.6376	1.4050	measured
2048	756	1548288	single-workgroup-tree	126	6	-	126	512	2	30	64	227.417	253.292	274.500	25.415	4983.458	5130.750	5200.000	59.941	75.4927	77.4200	1.3548	measured
2048	756	1548288	single-workgroup-tree	189	4	-	189	768	2	30	64	230.208	250.000	283.333	48.372	5370.042	5474.917	5556.083	64.199	81.5847	82.9352	1.7868	measured
2048	756	1548288	single-workgroup-tree	252	3	production	252	1008	2	30	64	260.583	280.625	313.125	25.083	7177.625	7297.625	7361.584	53.908	109.7943	111.3810	1.2538	measured
2048	756	1548288	single-workgroup-tree	378	2	-	378	1520	2	30	64	214.625	264.208	287.583	39.680	5767.458	5900.708	5998.167	77.223	88.1402	89.4683	1.8556	measured
2048	779	1595392	single-workgroup-tree	19	41	-	19	80	2	30	64	224.542	254.375	279.792	27.414	4835.625	4945.209	5007.458	51.080	73.1918	74.4577	1.2459	measured
2048	779	1595392	single-workgroup-tree	41	19	production	41	176	2	30	64	221.875	262.167	282.917	32.387	4847.875	4949.291	4991.334	56.964	73.4286	74.3988	1.4183	measured
2048	840	1720320	single-workgroup-tree	2	420	-	2	16	2	30	64	325.584	357.750	400.458	37.128	11304.792	11419.625	11500.958	57.449	174.2731	175.5853	1.5012	measured
2048	840	1720320	single-workgroup-tree	3	280	-	3	16	2	30	64	246.500	279.791	299.000	33.147	6185.417	6364.417	6422.958	77.793	94.2685	96.5814	1.7610	measured
2048	840	1720320	single-workgroup-tree	4	210	-	4	16	2	30	64	244.958	277.583	294.583	31.177	6062.458	6196.792	6281.916	61.147	92.3413	93.9557	1.4655	measured
2048	840	1720320	single-workgroup-tree	5	168	-	5	32	2	30	64	265.041	301.875	318.250	18.607	7448.708	7569.125	7668.166	68.179	114.0265	115.3532	1.3776	measured
2048	840	1720320	single-workgroup-tree	6	140	-	6	32	2	30	64	243.542	290.625	309.042	18.963	7008.791	7148.917	7202.000	58.204	107.3849	108.8618	1.2249	measured
2048	840	1720320	single-workgroup-tree	7	120	-	7	32	2	30	64	233.083	268.916	333.500	39.634	5558.833	5647.417	5682.583	41.258	84.5357	85.3730	1.2840	measured
2048	840	1720320	single-workgroup-tree	8	105	-	8	32	2	30	64	230.958	260.333	285.459	38.116	5423.708	5532.958	5600.666	63.805	82.4246	83.6925	1.6178	measured
2048	840	1720320	single-workgroup-tree	10	84	-	10	48	2	30	64	243.416	273.500	295.875	37.690	6175.917	6300.250	6365.667	56.860	94.1667	95.6627	1.5008	measured
2048	840	1720320	single-workgroup-tree	12	70	-	12	48	2	30	64	229.250	261.667	280.417	19.693	5193.666	5295.125	5368.875	57.803	78.8003	79.8962	1.2301	measured
2048	840	1720320	single-workgroup-tree	14	60	-	14	64	2	30	64	238.583	261.917	295.250	35.273	5828.417	5943.375	6010.041	57.346	88.7275	90.1819	1.4701	measured
2048	840	1720320	single-workgroup-tree	15	56	-	15	64	2	30	64	227.250	267.500	316.667	47.633	5143.458	5253.375	5317.459	55.663	78.0350	79.1409	1.6396	measured
2048	840	1720320	single-workgroup-tree	20	42	-	20	80	2	30	64	232.459	275.167	295.375	31.200	5622.000	5723.583	5775.125	55.454	85.5483	86.4828	1.3755	measured
2048	840	1720320	single-workgroup-tree	21	40	-	21	96	2	30	64	228.625	260.708	277.625	19.442	5116.375	5227.000	5283.417	57.834	77.5833	78.8300	1.2266	measured
2048	840	1720320	single-workgroup-tree	24	35	-	24	96	2	30	64	227.208	262.667	280.875	19.447	5070.500	5205.208	5282.958	73.512	76.8777	78.4530	1.4755	measured
2048	840	1720320	single-workgroup-tree	28	30	-	28	112	2	30	64	234.709	273.250	290.792	18.445	5451.375	5578.125	5648.083	64.353	82.8042	84.2044	1.3143	measured
2048	840	1720320	single-workgroup-tree	30	28	-	30	128	2	30	64	232.208	266.083	296.584	36.386	5320.458	5452.000	5495.000	54.596	80.7659	82.3161	1.4442	measured
2048	840	1720320	single-workgroup-tree	35	24	-	35	144	2	30	64	232.792	267.375	280.709	31.870	5265.542	5383.167	5462.416	56.224	79.8849	81.2030	1.3983	measured
2048	840	1720320	single-workgroup-tree	40	21	-	40	160	2	30	64	227.000	260.417	280.083	19.013	5198.209	5286.709	5343.750	60.957	78.9081	79.7824	1.2694	measured
2048	840	1720320	single-workgroup-tree	42	20	-	42	176	2	30	64	231.875	269.666	284.208	17.964	5506.292	5612.875	5675.417	48.327	83.7209	84.8128	1.0522	measured
2048	840	1720320	single-workgroup-tree	56	15	-	56	224	2	30	64	229.875	269.542	283.625	19.170	5173.166	5282.250	5357.750	57.346	78.4649	79.5668	1.2145	measured
2048	840	1720320	single-workgroup-tree	60	14	-	60	240	2	30	64	236.459	272.166	293.958	35.985	5620.833	5750.542	5814.209	53.839	85.4663	86.9583	1.4258	measured
2048	840	1720320	single-workgroup-tree	70	12	-	70	288	2	30	64	228.042	265.250	283.959	19.951	5223.875	5339.750	5382.584	51.360	79.2989	80.5476	1.1319	measured
2048	840	1720320	single-workgroup-tree	84	10	-	84	336	2	30	64	235.333	274.584	293.250	30.912	5843.750	5969.958	6070.750	77.633	89.0225	90.4028	1.7229	measured
2048	840	1720320	single-workgroup-tree	105	8	-	105	432	2	30	64	230.291	268.958	284.583	21.528	5296.875	5395.125	5450.417	49.582	80.4220	81.3677	1.1287	measured
2048	840	1720320	single-workgroup-tree	120	7	-	120	480	2	30	64	231.083	250.417	278.166	18.528	5298.083	5387.875	5467.791	59.134	80.4286	81.5470	1.2327	measured
2048	840	1720320	single-workgroup-tree	140	6	-	140	560	2	30	64	247.750	283.209	301.958	31.045	6420.583	6555.250	6627.166	67.549	97.9815	99.5562	1.5650	measured
2048	840	1720320	single-workgroup-tree	168	5	-	168	672	2	30	64	252.542	286.167	306.333	25.292	6730.084	6868.542	6925.500	59.764	102.8181	104.4821	1.3501	measured
2048	840	1720320	single-workgroup-tree	210	4	-	210	848	2	30	64	235.167	259.208	286.292	18.545	5573.250	5712.458	5784.292	75.136	84.7315	86.5595	1.4870	measured
2048	840	1720320	single-workgroup-tree	280	3	production	280	1120	2	30	64	241.042	280.875	302.917	24.343	5943.875	6052.500	6135.833	56.005	90.5212	91.6131	1.2754	measured
2048	840	1720320	single-workgroup-tree	420	2	-	420	1680	2	30	64	297.333	334.583	348.875	18.152	9447.583	9580.458	9686.375	75.136	145.2421	146.7599	1.4808	measured
2048	1018	2084864	single-workgroup-tree	2	509	-	2	16	2	30	64	288.083	306.417	339.250	42.938	8787.500	8908.750	8975.500	71.097	134.9114	136.5450	1.8101	measured
2048	1018	2084864	single-workgroup-tree	509	2	production	509	2048	2	30	64	277.167	298.292	321.125	14.715	8228.833	8356.292	8430.125	87.500	126.2169	127.9048	1.6225	measured
2048	1020	2088960	single-workgroup-tree	2	510	-	2	16	2	30	64	360.959	391.542	412.042	24.100	13667.292	13792.125	13900.292	66.965	211.2116	212.7077	1.4455	measured
2048	1020	2088960	single-workgroup-tree	3	340	-	3	16	2	30	64	273.208	307.542	326.833	30.781	8217.459	8315.750	8410.708	53.408	126.0992	127.1144	1.3363	measured
2048	1020	2088960	single-workgroup-tree	4	255	-	4	16	2	30	64	269.792	297.708	324.375	19.506	8122.167	8244.583	8295.583	55.372	124.6409	126.1409	1.1885	measured
2048	1020	2088960	single-workgroup-tree	5	204	-	5	32	2	30	64	257.292	282.375	305.667	26.115	6928.583	7044.625	7112.833	67.075	105.8935	107.3373	1.4792	measured
2048	1020	2088960	single-workgroup-tree	6	170	-	6	32	2	30	64	252.375	276.458	307.667	30.088	6763.166	6895.291	6974.167	75.872	103.3459	105.0608	1.6819	measured
2048	1020	2088960	single-workgroup-tree	10	102	-	10	48	2	30	64	264.792	293.917	314.541	25.816	7466.333	7619.833	7681.042	67.245	114.3102	116.2844	1.4772	measured
2048	1020	2088960	single-workgroup-tree	12	85	-	12	48	2	30	64	244.416	269.667	298.541	31.915	6287.584	6358.709	6401.250	35.547	95.9233	96.6515	1.0708	measured
2048	1020	2088960	single-workgroup-tree	15	68	-	15	64	2	30	64	250.875	277.375	312.000	36.220	6852.333	6991.709	7071.292	62.017	104.7850	106.5767	1.5593	measured
2048	1020	2088960	single-workgroup-tree	17	60	-	17	80	2	30	64	250.916	263.125	299.333	18.775	6790.542	6927.084	7005.959	65.146	103.8036	105.7771	1.3321	measured
2048	1020	2088960	single-workgroup-tree	20	51	-	20	80	2	30	64	245.125	264.167	293.042	17.350	6246.583	6334.084	6389.750	42.343	95.2612	96.3479	0.9475	measured
2048	1020	2088960	single-workgroup-tree	30	34	-	30	128	2	30	64	249.000	272.667	294.042	16.478	6420.292	6509.042	6597.541	62.602	97.9570	98.9901	1.2552	measured
2048	1020	2088960	single-workgroup-tree	34	30	-	34	144	2	30	64	253.625	277.833	301.750	18.865	6799.791	6916.750	7014.542	70.817	103.9074	105.3796	1.4235	measured
2048	1020	2088960	single-workgroup-tree	51	20	-	51	208	2	30	64	248.291	275.750	294.875	32.287	6281.334	6414.958	6462.708	54.680	95.7626	97.4477	1.3804	measured
2048	1020	2088960	single-workgroup-tree	60	17	-	60	240	2	30	64	250.625	270.500	308.792	33.521	6718.583	6854.291	6959.542	72.817	102.6660	104.5046	1.6879	measured
2048	1020	2088960	single-workgroup-tree	68	15	-	68	272	2	30	64	249.500	277.292	305.958	31.011	6780.458	6866.416	6947.458	52.920	103.6660	104.5893	1.3322	measured
2048	1020	2088960	single-workgroup-tree	85	12	-	85	352	2	30	64	247.209	268.333	295.791	35.676	6324.084	6423.792	6476.042	47.755	96.4583	97.7057	1.3243	measured
2048	1020	2088960	single-workgroup-tree	102	10	-	102	416	2	30	64	256.125	281.625	299.958	17.928	7034.583	7132.500	7210.375	66.039	107.5946	108.7440	1.3328	measured
2048	1020	2088960	single-workgroup-tree	170	6	-	170	688	2	30	64	235.625	273.792	297.667	23.271	6482.958	6591.125	6654.500	60.086	99.1640	100.2751	1.3231	measured
2048	1020	2088960	single-workgroup-tree	204	5	-	204	816	2	30	64	248.917	265.750	302.750	20.217	6646.833	6805.833	6868.167	60.978	101.5542	103.8108	1.2888	measured
2048	1020	2088960	single-workgroup-tree	255	4	production	255	1024	2	30	64	264.042	291.916	314.875	40.655	7511.000	7653.417	7704.875	47.272	115.0311	116.8492	1.3957	measured
2048	1020	2088960	single-workgroup-tree	340	3	-	340	1360	2	30	64	262.208	290.666	320.750	26.093	7678.875	7807.625	7888.750	113.379	117.7249	119.3168	2.2138	measured
2048	1020	2088960	single-workgroup-tree	510	2	-	510	2048	2	30	64	323.416	357.333	378.125	37.304	11299.167	11474.833	11539.125	71.500	174.2183	176.4683	1.7270	measured
2048	768	1572864	single-workgroup-tree	2	384	-	2	16	2	30	64	310.500	328.083	390.875	37.262	10315.917	10438.458	10520.500	62.814	158.8161	160.4821	1.5885	measured
2048	768	1572864	single-workgroup-tree	3	256	-	3	16	2	30	64	236.917	259.542	278.583	30.512	5517.084	5697.750	5745.666	90.971	83.8122	86.3208	1.9283	measured
2048	768	1572864	single-workgroup-tree	4	192	-	4	16	2	30	64	248.250	284.958	312.459	18.117	7416.250	7527.041	7594.041	64.738	113.7778	114.9537	1.3152	measured
2048	768	1572864	single-workgroup-tree	6	128	-	6	32	2	30	64	231.917	276.125	303.292	22.663	6402.167	6559.958	6622.916	70.297	97.9405	99.7434	1.4756	measured
2048	768	1572864	single-workgroup-tree	8	96	-	8	32	2	30	64	223.709	254.708	282.708	22.469	4935.792	5075.042	5122.750	63.016	74.7950	76.5132	1.3569	measured
2048	768	1572864	single-workgroup-tree	12	64	-	12	48	2	30	64	222.583	245.167	272.875	17.963	4726.792	4865.833	4938.167	72.512	71.4954	73.3439	1.4361	measured
2048	768	1572864	single-workgroup-tree	16	48	-	16	64	2	30	64	230.250	257.417	286.875	32.666	5198.750	5351.916	5407.209	65.679	78.8651	80.8651	1.5610	measured
2048	768	1572864	single-workgroup-tree	24	32	-	24	96	2	30	64	206.250	246.958	279.250	20.382	5012.125	5119.167	5186.375	71.947	76.2837	77.3367	1.4655	measured
2048	768	1572864	single-workgroup-tree	32	24	-	32	128	2	30	64	225.917	254.209	281.500	23.406	4897.542	5040.583	5095.458	59.283	74.1528	75.9742	1.3125	measured
2048	768	1572864	single-workgroup-tree	48	16	-	48	192	2	30	64	225.833	240.792	279.458	20.738	5069.083	5213.375	5299.416	77.161	76.8770	78.9299	1.5540	measured
2048	768	1572864	single-workgroup-tree	64	12	-	64	256	2	30	64	219.167	251.334	272.542	33.841	4747.167	4824.750	4892.500	57.939	71.8730	72.5939	1.4568	measured
2048	768	1572864	single-workgroup-tree	96	8	-	96	384	2	30	64	225.042	245.792	278.041	33.448	4780.167	4914.250	4958.458	52.058	72.3036	74.1025	1.3572	measured
2048	768	1572864	single-workgroup-tree	128	6	-	128	512	2	30	64	238.125	267.834	292.709	34.486	5880.334	6011.250	6088.666	75.936	89.5589	91.1653	1.7527	measured
2048	768	1572864	single-workgroup-tree	192	4	-	192	768	2	30	64	251.583	267.041	302.542	33.603	6547.166	6666.833	6763.166	66.278	99.9299	101.5840	1.5854	measured
2048	768	1572864	single-workgroup-tree	256	3	production	256	1024	2	30	64	230.167	250.875	289.250	38.937	5334.791	5451.292	5559.875	77.176	81.0258	82.5463	1.8431	measured
2048	768	1572864	single-workgroup-tree	384	2	-	384	1536	2	30	64	282.250	307.750	341.875	39.858	8628.875	8750.916	8801.792	51.187	132.4861	134.0185	1.4452	measured
2048	781	1599488	single-workgroup-tree	11	71	-	11	48	2	30	64	224.125	237.250	267.917	27.408	4870.541	4975.500	5021.666	45.733	73.7526	75.2103	1.1610	measured
2048	781	1599488	single-workgroup-tree	71	11	production	71	288	2	30	64	221.958	239.459	266.542	22.992	4865.000	5009.417	5047.166	44.619	73.6991	75.7136	1.0732	measured
2048	960	1966080	single-workgroup-tree	2	480	-	2	16	2	30	64	346.584	380.292	396.042	23.888	12830.459	12993.375	13051.458	70.708	198.1567	200.2077	1.5015	measured
2048	960	1966080	single-workgroup-tree	3	320	-	3	16	2	30	64	255.209	284.542	314.084	33.885	6842.834	6985.167	7011.125	53.338	104.5655	106.3591	1.3845	measured
2048	960	1966080	single-workgroup-tree	4	240	-	4	16	2	30	64	291.958	316.708	342.834	26.342	9148.792	9294.708	9344.292	57.858	140.5847	142.5079	1.3365	measured
2048	960	1966080	single-workgroup-tree	5	192	-	5	32	2	30	64	278.417	307.250	329.542	24.961	8430.750	8548.834	8610.625	64.309	129.4021	130.8188	1.4170	measured
2048	960	1966080	single-workgroup-tree	6	160	-	6	32	2	30	64	248.042	280.125	300.166	20.181	6559.375	6692.833	6771.084	68.569	100.1799	101.7890	1.4087	measured
2048	960	1966080	single-workgroup-tree	8	120	-	8	32	2	30	64	237.667	279.125	301.917	40.781	6100.292	6240.417	6346.167	79.491	93.0575	94.6237	1.9091	measured
2048	960	1966080	single-workgroup-tree	10	96	-	10	48	2	30	64	221.083	274.667	290.167	20.996	5914.042	6038.667	6125.417	66.689	90.3644	91.4921	1.3918	measured
2048	960	1966080	single-workgroup-tree	12	80	-	12	48	2	30	64	252.458	290.667	304.209	37.761	6694.625	6841.333	6918.375	70.426	102.2566	103.9788	1.7173	measured
2048	960	1966080	single-workgroup-tree	15	64	-	15	64	2	30	64	236.041	265.000	296.417	22.092	5775.208	5888.208	5950.667	65.199	87.9233	89.2573	1.3856	measured
2048	960	1966080	single-workgroup-tree	16	60	-	16	64	2	30	64	246.250	281.792	301.375	21.255	6418.291	6538.416	6636.834	64.081	97.9689	99.3115	1.3545	measured
2048	960	1966080	single-workgroup-tree	20	48	-	20	80	2	30	64	238.250	286.875	304.334	38.075	6259.333	6432.375	6519.583	83.611	95.5727	97.5476	1.9315	measured
2048	960	1966080	single-workgroup-tree	24	40	-	24	96	2	30	64	239.375	266.291	287.625	18.041	5792.833	5918.916	5957.708	53.722	88.1501	89.7242	1.1391	measured
2048	960	1966080	single-workgroup-tree	30	32	-	30	128	2	30	64	247.125	277.667	299.209	27.285	6325.208	6465.541	6536.208	69.693	96.4775	98.2202	1.5393	measured
2048	960	1966080	single-workgroup-tree	32	30	-	32	128	2	30	64	245.000	267.709	302.959	23.657	6357.125	6506.541	6616.916	88.122	97.0179	99.0291	1.7743	measured
2048	960	1966080	single-workgroup-tree	40	24	-	40	160	2	30	64	234.792	269.667	295.292	21.166	5920.209	6039.834	6101.542	64.534	90.2447	91.5900	1.3603	measured
2048	960	1966080	single-workgroup-tree	48	20	-	48	192	2	30	64	241.208	273.667	296.416	25.534	6182.583	6336.167	6398.084	66.908	94.3075	96.2302	1.4673	measured
2048	960	1966080	single-workgroup-tree	60	16	-	60	240	2	30	64	245.750	279.583	290.958	36.854	6300.750	6444.833	6508.083	57.556	96.1111	97.8611	1.4986	measured
2048	960	1966080	single-workgroup-tree	64	15	-	64	256	2	30	64	220.000	260.542	287.125	19.252	5870.750	5985.000	6028.666	57.977	89.6944	90.8644	1.2259	measured
2048	960	1966080	single-workgroup-tree	80	12	-	80	320	2	30	64	248.583	264.833	295.584	29.782	6449.417	6622.583	6664.875	66.815	98.4259	100.9167	1.5333	measured
2048	960	1966080	single-workgroup-tree	96	10	-	96	384	2	30	64	223.417	261.250	283.833	17.680	5898.709	5995.833	6069.708	53.910	90.0840	91.0251	1.1363	measured
2048	960	1966080	single-workgroup-tree	120	8	-	120	480	2	30	64	232.958	261.750	293.334	26.090	5976.292	6059.084	6105.375	42.927	91.1640	92.0212	1.0955	measured
2048	960	1966080	single-workgroup-tree	160	6	-	160	640	2	30	64	250.000	271.292	299.791	30.773	6381.500	6508.708	6607.958	75.528	97.3254	99.0066	1.6873	measured
2048	960	1966080	single-workgroup-tree	192	5	-	192	768	2	30	64	266.750	296.333	321.167	38.304	7598.625	7728.708	7816.917	67.924	116.3790	117.9742	1.6862	measured
2048	960	1966080	single-workgroup-tree	240	4	production	240	960	2	30	64	274.875	303.042	330.625	34.056	8067.625	8229.500	8328.333	79.378	123.6944	125.8168	1.8005	measured
2048	960	1966080	single-workgroup-tree	320	3	-	320	1280	2	30	64	250.750	278.834	303.542	31.443	6660.334	6754.375	6817.792	57.691	101.7394	102.7864	1.4148	measured
2048	960	1966080	single-workgroup-tree	480	2	-	480	1920	2	30	64	314.542	345.208	367.541	27.373	10757.292	10883.792	10958.416	66.395	165.7579	167.2791	1.4884	measured
2048	1022	2093056	single-workgroup-tree	2	511	-	2	16	2	30	64	268.333	280.458	309.417	16.000	7690.333	7795.458	7934.500	87.299	117.8095	119.2857	1.6397	measured
2048	1022	2093056	single-workgroup-tree	7	146	-	7	32	2	30	64	253.084	267.708	296.208	39.507	6773.291	6891.750	6967.458	58.614	103.4953	105.1435	1.5575	measured
2048	1022	2093056	single-workgroup-tree	14	73	-	14	64	2	30	64	242.250	256.958	290.542	38.031	6265.250	6331.375	6373.000	57.994	95.6032	96.4193	1.5242	measured
2048	1022	2093056	single-workgroup-tree	73	14	-	73	304	2	30	64	244.416	253.917	276.209	13.000	6293.083	6395.375	6457.958	53.131	96.0106	97.4835	1.0497	measured
2048	1022	2093056	single-workgroup-tree	146	7	production	146	592	2	30	64	244.583	260.292	290.709	31.845	6524.833	6649.125	6706.292	64.348	99.6865	101.4100	1.5269	measured
2048	1022	2093056	single-workgroup-tree	511	2	-	511	2048	2	30	64	264.458	277.625	301.959	14.379	7615.167	7726.584	7785.083	63.442	116.6779	118.2374	1.2352	measured
2048	1046	2142208	single-workgroup-tree	2	523	production	2	16	2	30	64	267.709	302.292	330.709	29.660	7883.917	7975.167	8046.750	57.577	120.8922	121.7917	1.3847	measured
2048	1046	2142208	single-workgroup-tree	523	2	-	523	2096	2	30	64	266.958	303.000	322.042	32.572	7731.208	7855.375	7910.750	59.770	118.4802	119.8790	1.4657	measured
16384	780	12779520	single-workgroup-tree	2	390	-	2	16	2	30	64	1333.583	1388.209	1451.500	41.732	75358.541	75482.167	75645.041	92.210	1174.9993	1176.0946	2.1261	measured
16384	780	12779520	single-workgroup-tree	3	260	-	3	16	2	30	64	836.792	884.625	958.125	42.936	43785.000	43850.750	43945.917	65.835	681.7176	682.0020	1.7265	measured
16384	780	12779520	single-workgroup-tree	4	195	-	4	16	2	30	64	869.000	932.667	1017.208	51.400	45791.625	45899.000	46079.875	99.761	713.0575	713.7513	2.3994	measured
16384	780	12779520	single-workgroup-tree	5	156	-	5	32	2	30	64	825.667	871.292	962.958	48.355	42410.000	42559.750	42704.000	95.413	660.0688	661.7216	2.2820	measured
16384	780	12779520	single-workgroup-tree	6	130	-	6	32	2	30	64	820.167	868.000	939.583	45.603	42286.791	42379.250	42561.583	110.434	658.2004	658.9087	2.4768	measured
16384	780	12779520	single-workgroup-tree	10	78	-	10	48	2	30	64	809.667	872.167	932.042	42.233	41730.166	41884.875	42055.584	129.113	649.5317	650.9954	2.7198	measured
16384	780	12779520	single-workgroup-tree	12	65	-	12	48	2	30	64	802.458	875.250	956.958	59.350	41648.667	41762.416	42013.334	136.467	648.3525	649.0026	3.1082	measured
16384	780	12779520	single-workgroup-tree	13	60	-	13	64	2	30	64	817.583	874.334	923.167	35.450	42679.833	42834.084	42951.042	111.915	664.4802	666.0278	2.3391	measured
16384	780	12779520	single-workgroup-tree	15	52	-	15	64	2	30	64	800.375	869.542	942.083	42.721	41568.417	41691.416	41896.583	109.971	647.1118	647.9663	2.4237	measured
16384	780	12779520	single-workgroup-tree	20	39	-	20	80	2	30	64	816.208	887.917	953.917	59.487	41484.834	41635.750	41911.875	150.604	645.5337	646.7910	3.3348	measured
16384	780	12779520	single-workgroup-tree	26	30	-	26	112	2	30	64	807.500	873.500	931.792	42.017	42530.875	42663.417	42890.208	139.627	662.2758	663.3320	2.8832	measured
16384	780	12779520	single-workgroup-tree	30	26	-	30	128	2	30	64	814.292	870.167	940.500	46.682	41783.084	41906.250	42058.625	136.951	650.2983	651.3664	2.9148	measured
16384	780	12779520	single-workgroup-tree	39	20	-	39	160	2	30	64	782.666	844.792	909.416	42.138	40559.458	40655.250	40879.750	114.404	631.3777	631.9120	2.4848	measured
16384	780	12779520	single-workgroup-tree	52	15	-	52	208	2	30	64	798.291	853.000	921.250	45.930	40416.000	40644.791	40851.292	134.238	628.8525	631.6157	2.8598	measured
16384	780	12779520	single-workgroup-tree	60	13	-	60	240	2	30	64	812.584	870.791	949.041	47.606	41582.500	41695.875	41915.584	102.464	647.1415	648.0172	2.3821	measured
16384	780	12779520	single-workgroup-tree	65	12	-	65	272	2	30	64	788.167	836.833	884.584	33.200	40522.458	40653.291	40807.166	101.943	630.7030	632.0073	2.1451	measured
16384	780	12779520	single-workgroup-tree	78	10	-	78	320	2	30	64	795.875	850.125	906.792	40.680	40545.250	40633.542	40832.541	116.433	630.9425	631.4828	2.4939	measured
16384	780	12779520	single-workgroup-tree	130	6	-	130	528	2	30	64	795.208	834.084	898.333	38.807	41052.750	41229.875	41466.917	127.661	639.0086	641.2030	2.6424	measured
16384	780	12779520	single-workgroup-tree	156	5	-	156	624	2	30	64	789.625	843.416	911.042	49.449	41041.208	41156.208	41364.042	126.970	638.9140	639.8856	2.8003	measured
16384	780	12779520	single-workgroup-tree	195	4	-	195	784	2	30	64	839.667	886.042	972.250	48.009	43399.250	43509.792	43652.583	99.614	675.5489	676.5675	2.3432	measured
16384	780	12779520	single-workgroup-tree	260	3	production	260	1040	2	30	64	808.125	855.542	910.917	36.309	41983.625	42047.791	42153.167	77.855	653.5794	653.8452	1.8121	measured
16384	780	12779520	single-workgroup-tree	390	2	-	390	1568	2	30	64	1135.000	1192.125	1252.834	37.994	62682.708	62767.250	62919.458	93.434	976.9477	977.3829	2.0862	measured
16384	1042	17072128	single-workgroup-tree	2	521	production	2	16	2	30	64	1063.833	1108.833	1173.458	42.357	58101.458	58272.791	58424.542	90.451	905.3591	907.3644	2.1081	measured
16384	1042	17072128	single-workgroup-tree	521	2	-	521	2096	2	30	64	1054.041	1097.416	1150.208	36.127	57479.584	57580.333	57711.708	74.624	895.6435	896.5542	1.7579	measured
16384	756	12386304	single-workgroup-tree	2	378	-	2	16	2	30	64	850.375	906.375	970.208	46.643	44136.334	44223.667	44318.542	65.719	687.0787	687.5761	1.7835	measured
16384	756	12386304	single-workgroup-tree	3	252	-	3	16	2	30	64	1081.709	1136.125	1178.125	37.820	59241.084	59340.583	59556.458	114.336	923.1647	923.8803	2.4152	measured
16384	756	12386304	single-workgroup-tree	4	189	-	4	16	2	30	64	829.500	863.459	912.666	29.165	42254.125	42322.000	42517.333	97.766	657.5337	658.0721	2.0148	measured
16384	756	12386304	single-workgroup-tree	6	126	-	6	32	2	30	64	808.667	846.084	912.584	39.297	41664.375	41780.792	41850.375	93.835	648.5033	649.7573	2.1132	measured
16384	756	12386304	single-workgroup-tree	7	108	-	7	32	2	30	64	846.709	889.709	960.125	43.904	44761.500	44871.000	45071.750	99.450	697.0602	698.1157	2.2755	measured
16384	756	12386304	single-workgroup-tree	9	84	-	9	48	2	30	64	828.333	878.333	937.459	36.437	43323.167	43432.041	43520.417	63.285	674.5212	675.4557	1.5829	measured
16384	756	12386304	single-workgroup-tree	12	63	-	12	48	2	30	64	802.167	871.208	937.750	42.153	41642.417	41752.500	41976.333	173.993	648.2579	648.9094	3.4309	measured
16384	756	12386304	single-workgroup-tree	14	54	-	14	64	2	30	64	805.125	867.834	924.667	40.857	42007.166	42105.583	42326.375	159.050	654.0007	654.5674	3.1731	measured
16384	756	12386304	single-workgroup-tree	18	42	-	18	80	2	30	64	796.125	851.416	887.084	44.935	41927.583	42000.458	42176.084	92.714	652.8803	653.1594	2.1849	measured
16384	756	12386304	single-workgroup-tree	21	36	-	21	96	2	30	64	801.334	839.209	904.250	37.933	41149.125	41274.958	41511.708	116.660	640.4411	641.8373	2.4539	measured
16384	756	12386304	single-workgroup-tree	27	28	-	27	112	2	30	64	793.292	854.291	930.500	50.122	40904.292	41016.542	41110.417	76.008	636.6825	637.4960	2.0021	measured
16384	756	12386304	single-workgroup-tree	28	27	-	28	112	2	30	64	798.209	828.375	888.459	35.880	40831.375	40932.500	41134.042	106.272	635.4471	636.5734	2.2564	measured
16384	756	12386304	single-workgroup-tree	36	21	-	36	144	2	30	64	784.125	830.167	885.792	49.402	40242.458	40327.417	40500.750	96.434	626.3227	626.9405	2.3149	measured
16384	756	12386304	single-workgroup-tree	42	18	-	42	176	2	30	64	785.000	828.375	890.375	40.270	40484.958	40661.792	40869.833	115.217	630.1581	632.2765	2.4680	measured
16384	756	12386304	single-workgroup-tree	54	14	-	54	224	2	30	64	784.667	816.667	888.500	40.588	40860.334	40935.042	41154.708	107.200	636.1217	636.7996	2.3458	measured
16384	756	12386304	single-workgroup-tree	63	12	-	63	256	2	30	64	788.292	831.333	876.625	31.717	40449.042	40518.833	40591.833	59.491	629.5357	629.9603	1.4478	measured
16384	756	12386304	single-workgroup-tree	84	9	-	84	336	2	30	64	824.250	863.875	917.458	41.601	41708.042	41812.125	42027.583	111.091	648.9491	649.9722	2.4237	measured
16384	756	12386304	single-workgroup-tree	108	7	-	108	432	2	30	64	828.667	870.916	924.375	47.129	42581.208	42704.167	42872.083	97.107	662.7387	664.0199	2.2895	measured
16384	756	12386304	single-workgroup-tree	126	6	-	126	512	2	30	64	782.166	823.916	885.292	37.168	40421.750	40508.250	40670.083	95.326	629.1997	629.9101	2.1031	measured
16384	756	12386304	single-workgroup-tree	189	4	-	189	768	2	30	64	792.250	830.250	920.667	44.759	40943.042	41101.583	41255.959	91.013	637.3142	639.2275	2.1551	measured
16384	756	12386304	single-workgroup-tree	252	3	production	252	1008	2	30	64	951.042	998.833	1047.958	36.232	51139.167	51243.292	51331.625	117.502	796.6369	797.5311	2.4402	measured
16384	756	12386304	single-workgroup-tree	378	2	-	378	1520	2	30	64	827.083	873.166	912.125	28.885	42551.625	42644.250	42810.334	93.024	662.2943	663.0331	1.9351	measured
16384	779	12763136	single-workgroup-tree	19	41	-	19	80	2	30	64	815.083	854.084	891.791	29.875	41527.750	41668.709	41780.625	99.914	646.2328	647.8512	2.0601	measured
16384	779	12763136	single-workgroup-tree	41	19	production	41	176	2	30	64	794.333	834.042	912.542	40.834	40415.375	40585.291	40880.166	173.719	628.9054	630.9722	3.4056	measured
16384	840	13762560	single-workgroup-tree	2	420	-	2	16	2	30	64	1423.000	1469.625	1489.291	21.209	81069.750	81180.000	81365.917	111.286	1264.2341	1265.2440	2.1031	measured
16384	840	13762560	single-workgroup-tree	3	280	-	3	16	2	30	64	883.583	944.084	1029.083	54.920	46603.583	46796.333	46853.792	116.343	725.7143	727.8135	2.7185	measured
16384	840	13762560	single-workgroup-tree	4	210	-	4	16	2	30	64	888.291	933.125	1004.000	46.977	46292.958	46443.208	46628.583	112.219	720.7090	722.3823	2.5269	measured
16384	840	13762560	single-workgroup-tree	5	168	-	5	32	2	30	64	984.542	1052.666	1097.417	37.079	53832.209	53944.084	54042.375	100.285	838.8519	839.5463	2.1804	measured
16384	840	13762560	single-workgroup-tree	6	140	-	6	32	2	30	64	950.291	1004.166	1061.958	41.692	51333.625	51503.750	51633.208	91.816	799.7355	801.5807	2.1192	measured
16384	840	13762560	single-workgroup-tree	7	120	-	7	32	2	30	64	862.542	895.584	983.709	39.522	45086.916	45408.542	45686.916	166.602	701.9742	706.5549	3.2718	measured
16384	840	13762560	single-workgroup-tree	8	105	-	8	32	2	30	64	862.834	907.541	965.250	48.410	45157.125	45439.000	45553.500	143.799	703.0840	706.8486	3.0509	measured
16384	840	13762560	single-workgroup-tree	10	84	-	10	48	2	30	64	882.042	931.125	1002.166	42.616	46851.583	47033.167	47235.458	131.600	729.6753	731.7784	2.7653	measured
16384	840	13762560	single-workgroup-tree	12	70	-	12	48	2	30	64	856.625	907.750	983.375	47.920	44745.917	45155.458	45312.208	145.392	696.6554	702.3446	3.0684	measured
16384	840	13762560	single-workgroup-tree	14	60	-	14	64	2	30	64	874.333	914.750	984.125	37.829	45977.000	46189.791	46383.375	148.354	715.9153	718.6514	2.9553	measured
16384	840	13762560	single-workgroup-tree	15	56	-	15	64	2	30	64	855.084	902.750	973.958	42.629	45022.583	45319.875	45603.250	186.312	701.0714	705.0337	3.6340	measured
16384	840	13762560	single-workgroup-tree	20	42	-	20	80	2	30	64	867.542	922.834	977.083	37.264	45792.458	46172.500	46356.791	210.154	713.0939	718.2487	3.9273	measured
16384	840	13762560	single-workgroup-tree	21	40	-	21	96	2	30	64	861.541	902.583	982.459	44.736	44823.375	45217.417	45392.500	182.656	697.8069	703.4101	3.6094	measured
16384	840	13762560	single-workgroup-tree	24	35	-	24	96	2	30	64	849.917	902.625	967.500	42.318	44793.334	45192.292	45424.875	209.300	697.5146	703.0106	3.9939	measured
16384	840	13762560	single-workgroup-tree	28	30	-	28	112	2	30	64	869.625	917.334	990.958	37.445	46077.750	46266.583	46382.750	138.892	717.5893	719.8293	2.7990	measured
16384	840	13762560	single-workgroup-tree	30	28	-	30	128	2	30	64	859.250	903.250	971.833	37.306	44811.583	45170.583	45376.625	157.956	697.6561	702.6561	3.0994	measured
16384	840	13762560	single-workgroup-tree	35	24	-	35	144	2	30	64	834.458	885.583	948.000	32.829	43843.458	44149.666	44314.250	159.063	682.6825	686.7315	3.0459	measured
16384	840	13762560	single-workgroup-tree	40	21	-	40	160	2	30	64	844.333	882.000	924.083	28.136	43707.459	43879.000	44092.917	162.615	680.3671	682.4921	3.0278	measured
16384	840	13762560	single-workgroup-tree	42	20	-	42	176	2	30	64	841.541	895.583	970.042	37.327	44103.375	44324.667	44557.417	160.134	686.6958	689.3505	3.1343	measured
16384	840	13762560	single-workgroup-tree	56	15	-	56	224	2	30	64	838.167	899.792	951.625	42.358	43733.833	43944.750	44130.833	141.890	680.8836	683.2533	2.9246	measured
16384	840	13762560	single-workgroup-tree	60	14	-	60	240	2	30	64	855.125	894.708	949.792	34.810	44667.625	44826.208	45055.125	125.360	695.4365	697.3254	2.5424	measured
16384	840	13762560	single-workgroup-tree	70	12	-	70	288	2	30	64	844.708	886.459	953.125	35.030	43741.250	43869.333	44127.959	145.747	680.8975	682.2678	2.8695	measured
16384	840	13762560	single-workgroup-tree	84	10	-	84	336	2	30	64	857.791	905.750	951.459	33.257	45410.209	45641.333	45866.250	154.512	707.1812	710.0886	2.9805	measured
16384	840	13762560	single-workgroup-tree	105	8	-	105	432	2	30	64	839.000	889.208	942.084	40.846	43749.750	43930.542	44223.250	149.071	681.1230	683.1958	3.0146	measured
16384	840	13762560	single-workgroup-tree	120	7	-	120	480	2	30	64	830.500	891.042	946.584	38.377	43766.916	43901.167	44202.000	162.220	681.5304	682.7004	3.1841	measured
16384	840	13762560	single-workgroup-tree	140	6	-	140	560	2	30	64	903.167	939.250	1000.667	43.288	47746.583	47839.167	47933.458	152.351	743.5463	744.4431	3.1054	measured
16384	840	13762560	single-workgroup-tree	168	5	-	168	672	2	30	64	929.000	970.458	1052.125	48.849	49582.709	49695.125	49809.000	121.553	772.2811	773.4074	2.7048	measured
16384	840	13762560	single-workgroup-tree	210	4	-	210	848	2	30	64	846.667	874.250	925.917	29.760	43935.875	44146.750	44355.042	150.408	683.9557	686.8651	2.8598	measured
16384	840	13762560	single-workgroup-tree	280	3	production	280	1120	2	30	64	846.209	891.041	942.875	32.871	44803.666	44974.292	45131.625	124.788	697.7374	699.7341	2.5025	measured
16384	840	13762560	single-workgroup-tree	420	2	-	420	1680	2	30	64	1204.417	1257.000	1289.708	38.885	67451.292	67553.000	67724.875	87.244	1051.5377	1052.3175	2.0021	measured
16384	1018	16678912	single-workgroup-tree	2	509	-	2	16	2	30	64	1168.625	1206.666	1247.792	31.032	63783.542	63880.041	64013.459	92.638	993.8876	994.8155	1.9630	measured
16384	1018	16678912	single-workgroup-tree	509	2	production	509	2048	2	30	64	1127.875	1157.958	1227.125	77.361	60807.834	60892.334	60940.792	54.912	947.3009	948.1647	2.0996	measured
16384	1020	16711680	single-workgroup-tree	2	510	-	2	16	2	30	64	1702.042	1762.042	1837.417	51.851	98429.166	106425.625	117697.209	7625.569	1535.3512	1661.3267	121.8638	measured
16384	1020	16711680	single-workgroup-tree	3	340	-	3	16	2	30	64	1102.250	1159.042	1209.042	52.786	60187.500	62055.208	65160.833	1992.615	937.8611	966.6058	32.4667	measured
16384	1020	16711680	single-workgroup-tree	4	255	-	4	16	2	30	64	1092.333	1171.833	1195.459	43.873	59763.708	61957.500	64659.292	1954.802	931.2917	964.8519	31.7250	measured
16384	1020	16711680	single-workgroup-tree	5	204	-	5	32	2	30	64	1028.250	1073.958	1134.958	38.511	55321.167	55511.042	55889.792	262.021	861.7923	864.0807	4.7703	measured
16384	1020	16711680	single-workgroup-tree	6	170	-	6	32	2	30	64	1027.666	1077.709	1142.583	42.357	55163.500	55345.375	55595.125	187.071	859.2990	861.3915	3.6417	measured
16384	1020	16711680	single-workgroup-tree	10	102	-	10	48	2	30	64	1052.250	1097.500	1169.084	40.414	57257.500	57813.542	59816.333	1200.246	892.1468	900.2546	19.6930	measured
16384	1020	16711680	single-workgroup-tree	12	85	-	12	48	2	30	64	1021.917	1064.958	1099.125	26.370	54148.041	54641.833	54915.625	260.882	843.2718	850.4266	4.5596	measured
16384	1020	16711680	single-workgroup-tree	15	68	-	15	64	2	30	64	1031.459	1073.583	1137.541	39.572	55873.625	56123.416	56544.292	278.822	870.5106	873.8069	5.0539	measured
16384	1020	16711680	single-workgroup-tree	17	60	-	17	80	2	30	64	1035.916	1078.292	1116.792	37.490	55701.750	56023.000	56413.792	319.960	867.7117	872.1382	5.6738	measured
16384	1020	16711680	single-workgroup-tree	20	51	-	20	80	2	30	64	1019.083	1065.000	1135.625	58.130	54191.292	54712.709	55030.416	263.484	844.0033	851.5509	5.1050	measured
16384	1020	16711680	single-workgroup-tree	30	34	-	30	128	2	30	64	1017.000	1063.292	1125.209	35.633	54414.000	54999.042	55178.666	222.748	847.5714	856.1230	4.1013	measured
16384	1020	16711680	single-workgroup-tree	34	30	-	34	144	2	30	64	1013.000	1070.834	1098.125	24.928	55011.542	55381.291	56146.875	680.396	857.1197	862.0707	11.1956	measured
16384	1020	16711680	single-workgroup-tree	51	20	-	51	208	2	30	64	981.208	1047.833	1107.541	41.139	52740.500	53045.208	53500.416	275.898	821.5761	825.3552	5.0323	measured
16384	1020	16711680	single-workgroup-tree	60	17	-	60	240	2	30	64	998.292	1048.417	1083.916	35.491	53785.542	54083.459	54340.375	297.319	837.8929	841.8261	5.2827	measured
16384	1020	16711680	single-workgroup-tree	68	15	-	68	272	2	30	64	1003.708	1055.750	1136.833	54.103	53956.958	54302.292	54804.000	392.612	840.5278	845.1832	7.0907	measured
16384	1020	16711680	single-workgroup-tree	85	12	-	85	352	2	30	64	982.708	1032.833	1078.750	31.608	52686.458	53027.708	53270.458	194.583	820.6944	825.3155	3.5903	measured
16384	1020	16711680	single-workgroup-tree	102	10	-	102	416	2	30	64	1025.125	1078.333	1142.833	42.284	55109.708	55929.917	56778.208	806.653	858.4854	870.6601	13.4752	measured
16384	1020	16711680	single-workgroup-tree	170	6	-	170	688	2	30	64	990.958	1034.167	1078.958	35.600	52830.875	53119.208	53632.666	305.085	822.8558	826.7467	5.4077	measured
16384	1020	16711680	single-workgroup-tree	204	5	-	204	816	2	30	64	986.500	1053.875	1119.875	41.480	53409.708	53654.584	54093.541	343.411	832.1144	834.9319	6.1094	measured
16384	1020	16711680	single-workgroup-tree	255	4	production	255	1024	2	30	64	1046.375	1098.208	1172.875	55.728	56244.292	57556.166	60199.166	1625.625	876.1574	896.1581	26.6881	measured
16384	1020	16711680	single-workgroup-tree	340	3	-	340	1360	2	30	64	1074.375	1107.375	1167.834	32.738	57375.916	58892.833	61511.625	1769.726	893.6753	917.2295	28.6105	measured
16384	1020	16711680	single-workgroup-tree	510	2	-	510	2048	2	30	64	1443.459	1501.500	1547.250	58.799	81526.875	86444.917	94230.542	5147.660	1271.1653	1348.3082	82.6422	measured
16384	768	12582912	single-workgroup-tree	2	384	-	2	16	2	30	64	1584.333	1752.500	1880.958	100.486	87545.292	98045.958	103547.292	5622.000	1364.4597	1528.4676	90.8331	measured
16384	768	12582912	single-workgroup-tree	3	256	-	3	16	2	30	64	874.875	958.625	1027.334	45.734	44837.625	46759.417	48023.125	1479.406	697.8214	726.9967	24.2086	measured
16384	768	12582912	single-workgroup-tree	4	192	-	4	16	2	30	64	1110.292	1238.875	1321.459	63.999	60088.083	65929.417	68331.000	3637.178	936.1554	1026.8340	58.7489	measured
16384	768	12582912	single-workgroup-tree	6	128	-	6	32	2	30	64	992.875	1068.291	1152.875	63.857	50983.000	54633.500	56710.000	2312.585	793.4940	850.2414	37.7213	measured
16384	768	12582912	single-workgroup-tree	8	96	-	8	32	2	30	64	824.000	893.750	963.208	58.064	42016.291	42984.875	43729.167	760.085	653.8459	668.1131	12.9865	measured
16384	768	12582912	single-workgroup-tree	12	64	-	12	48	2	30	64	808.417	874.833	940.084	46.968	41807.375	42676.334	43352.750	625.764	650.7771	663.5159	10.6783	measured
16384	768	12582912	single-workgroup-tree	16	48	-	16	64	2	30	64	842.875	918.708	965.375	42.391	42917.666	44325.167	45017.125	915.941	667.8538	688.9914	15.2116	measured
16384	768	12582912	single-workgroup-tree	24	32	-	24	96	2	30	64	809.417	892.875	959.292	46.621	42567.292	44004.500	44488.417	857.044	662.8234	684.3115	14.3439	measured
16384	768	12582912	single-workgroup-tree	32	24	-	32	128	2	30	64	802.875	896.291	943.083	50.721	41491.125	42540.709	43281.167	717.722	645.8452	661.0225	12.1975	measured
16384	768	12582912	single-workgroup-tree	48	16	-	48	192	2	30	64	829.458	866.000	955.041	44.596	41966.250	43500.458	44311.209	953.858	652.9650	676.7374	15.8485	measured
16384	768	12582912	single-workgroup-tree	64	12	-	64	256	2	30	64	793.792	852.708	920.250	46.065	40747.000	41770.833	42513.416	729.236	634.1779	649.4940	12.3064	measured
16384	768	12582912	single-workgroup-tree	96	8	-	96	384	2	30	64	807.958	858.750	887.292	26.524	40938.875	41837.834	43168.792	882.029	636.9987	650.4617	14.4215	measured
16384	768	12582912	single-workgroup-tree	128	6	-	128	512	2	30	64	917.458	957.209	1033.708	40.779	46277.584	49338.875	50452.708	1455.415	720.0020	767.9630	23.7491	measured
16384	768	12582912	single-workgroup-tree	192	4	-	192	768	2	30	64	1011.875	1074.834	1131.125	48.430	51468.375	55453.083	57996.750	2052.439	800.8968	863.1468	33.3471	measured
16384	768	12582912	single-workgroup-tree	256	3	production	256	1024	2	30	64	833.625	923.417	998.000	71.311	42426.292	44268.666	45086.375	921.204	660.2011	688.0198	15.7542	measured
16384	768	12582912	single-workgroup-tree	384	2	-	384	1536	2	30	64	1327.916	1429.500	1528.125	76.023	70344.625	78247.959	81868.250	3917.555	1095.5033	1219.3406	63.3901	measured
16384	781	12795904	single-workgroup-tree	11	71	-	11	48	2	30	64	829.375	895.459	977.250	47.888	42245.583	44746.625	47380.958	1908.409	657.4001	696.0503	31.0523	measured
16384	781	12795904	single-workgroup-tree	71	11	production	71	288	2	30	64	819.417	872.125	961.042	58.683	41666.166	44378.542	46866.125	1941.421	648.3611	690.5780	31.7477	measured
16384	960	15728640	single-workgroup-tree	2	480	-	2	16	2	30	64	1883.709	2051.250	2142.583	77.434	112866.042	128420.417	140360.959	9638.357	1761.6243	2005.8598	154.2189	measured
16384	960	15728640	single-workgroup-tree	3	320	-	3	16	2	30	64	1019.958	1081.208	1150.125	49.110	55314.583	58190.292	60665.084	2375.156	861.8194	906.4934	38.4804	measured
16384	960	15728640	single-workgroup-tree	4	240	-	4	16	2	30	64	1359.917	1434.500	1536.209	61.817	77634.292	85517.584	91571.083	4558.016	1210.7044	1334.6521	73.3307	measured
16384	960	15728640	single-workgroup-tree	5	192	-	5	32	2	30	64	1259.125	1323.125	1391.292	45.558	69727.000	75906.416	79685.834	3731.479	1086.7917	1183.8618	59.9530	measured
16384	960	15728640	single-workgroup-tree	6	160	-	6	32	2	30	64	978.500	1041.125	1122.500	56.956	53106.958	54719.750	57965.041	2076.033	827.4358	852.0417	33.8570	measured
16384	960	15728640	single-workgroup-tree	8	120	-	8	32	2	30	64	958.958	1022.125	1072.167	43.094	51504.167	52587.625	53402.083	1203.819	802.3049	818.5000	19.7923	measured
16384	960	15728640	single-workgroup-tree	10	96	-	10	48	2	30	64	957.708	1020.791	1068.708	37.748	51457.167	52264.125	53314.291	989.167	801.5787	813.3863	16.3002	measured
16384	960	15728640	single-workgroup-tree	12	80	-	12	48	2	30	64	1002.583	1077.083	1141.292	57.057	54816.750	56459.875	59087.958	1718.180	854.1931	879.0919	28.1784	measured
16384	960	15728640	single-workgroup-tree	15	64	-	15	64	2	30	64	963.834	1031.375	1085.250	46.265	51213.750	52086.333	53126.542	790.307	797.6177	810.3962	13.2789	measured
16384	960	15728640	single-workgroup-tree	16	60	-	16	64	2	30	64	985.000	1070.250	1113.125	43.500	53733.292	54979.959	58556.708	1725.190	837.2745	855.7097	28.0744	measured
16384	960	15728640	single-workgroup-tree	20	48	-	20	80	2	30	64	976.042	1026.958	1099.541	41.214	52398.875	53802.250	56061.250	1525.221	816.2354	837.7030	24.8641	measured
16384	960	15728640	single-workgroup-tree	24	40	-	24	96	2	30	64	953.583	997.584	1065.041	33.363	51230.209	51851.417	53367.375	933.869	798.0417	807.2037	15.3529	measured
16384	960	15728640	single-workgroup-tree	30	32	-	30	128	2	30	64	997.916	1052.459	1125.709	48.852	53930.833	55525.208	57650.084	1832.483	840.2050	864.6468	29.8625	measured
16384	960	15728640	single-workgroup-tree	32	30	-	32	128	2	30	64	1029.125	1099.375	1171.959	55.205	56193.291	57907.250	59965.875	1356.743	875.6217	901.7123	22.4119	measured
16384	960	15728640	single-workgroup-tree	40	24	-	40	160	2	30	64	945.667	989.959	1080.750	52.255	49923.458	50862.375	52042.333	682.977	777.4253	791.6257	11.6704	measured
16384	960	15728640	single-workgroup-tree	48	20	-	48	192	2	30	64	958.250	1005.208	1072.375	40.161	51208.084	52672.667	54429.042	1896.134	797.6164	820.1184	30.7348	measured
16384	960	15728640	single-workgroup-tree	60	16	-	60	240	2	30	64	955.708	1021.708	1096.917	49.209	51918.959	53618.750	56268.291	1857.464	808.9405	834.8737	30.2646	measured
16384	960	15728640	single-workgroup-tree	64	15	-	64	256	2	30	64	914.375	984.291	1095.209	64.850	50010.833	50700.708	51577.250	535.922	779.3089	789.1495	9.5361	measured
16384	960	15728640	single-workgroup-tree	80	12	-	80	320	2	30	64	975.916	1042.958	1107.041	40.979	53681.084	55603.292	58829.875	2309.501	836.5900	866.0370	37.3092	measured
16384	960	15728640	single-workgroup-tree	96	10	-	96	384	2	30	64	933.042	1019.000	1075.208	55.456	49873.833	50625.541	51493.333	808.756	776.8380	787.4054	13.7177	measured
16384	960	15728640	single-workgroup-tree	120	8	-	120	480	2	30	64	941.750	1002.250	1078.750	46.917	49961.541	50812.791	51749.708	1041.612	778.0919	790.6435	17.2782	measured
16384	960	15728640	single-workgroup-tree	160	6	-	160	640	2	30	64	973.208	1050.125	1101.250	40.194	53034.916	54068.708	58631.209	2480.293	826.3763	841.5648	40.0077	measured
16384	960	15728640	single-workgroup-tree	192	5	-	192	768	2	30	64	1139.584	1198.042	1267.291	47.752	64532.375	67026.250	72243.750	3434.008	1006.2348	1044.8922	55.2660	measured
16384	960	15728640	single-workgroup-tree	240	4	production	240	960	2	30	64	1174.958	1258.250	1337.959	50.446	68457.583	71479.791	76828.250	4068.302	1067.9782	1114.6276	65.3769	measured
16384	960	15728640	single-workgroup-tree	320	3	-	320	1280	2	30	64	1007.792	1053.166	1127.500	48.798	54469.000	56396.542	59780.166	2812.483	848.5906	878.4663	45.4172	measured
16384	960	15728640	single-workgroup-tree	480	2	-	480	1920	2	30	64	1547.791	1645.708	1711.292	69.270	95095.000	101390.834	109217.292	6030.604	1484.8763	1583.2560	96.8234	measured
16384	1022	16744448	single-workgroup-tree	2	511	-	2	16	2	30	64	1196.166	1257.083	1319.833	45.496	64379.250	65783.291	67249.000	1156.267	1002.9061	1024.2255	19.0756	measured
16384	1022	16744448	single-workgroup-tree	7	146	-	7	32	2	30	64	1033.000	1135.500	1233.166	73.078	55915.959	56716.917	58154.167	743.580	871.1581	882.2447	12.9628	measured
16384	1022	16744448	single-workgroup-tree	14	73	-	14	64	2	30	64	1003.583	1103.333	1175.583	52.314	54527.083	55228.417	55840.958	415.451	849.5794	859.1283	7.4248	measured
16384	1022	16744448	single-workgroup-tree	73	14	-	73	304	2	30	64	984.708	1085.917	1134.250	51.500	52640.375	53327.167	54524.750	658.988	819.9312	829.2262	11.2776	measured
16384	1022	16744448	single-workgroup-tree	146	7	production	146	592	2	30	64	1033.000	1104.125	1155.250	45.115	54016.834	55028.083	56739.000	891.766	841.0132	855.9358	14.8711	measured
16384	1022	16744448	single-workgroup-tree	511	2	-	511	2048	2	30	64	1175.833	1236.500	1319.458	48.103	64239.167	64911.000	67909.458	1309.928	1001.0053	1010.7063	21.5561	measured
16384	1046	17137664	single-workgroup-tree	2	523	production	2	16	2	30	64	1147.458	1212.250	1283.916	49.914	64002.333	65060.500	66798.584	955.121	997.6964	1013.4643	15.9529	measured
16384	1046	17137664	single-workgroup-tree	523	2	-	523	2096	2	30	64	1103.125	1185.208	1267.500	51.975	63197.667	64093.708	66111.125	1132.754	985.6277	998.5476	18.8052	measured

# shapes	48
# variants_attempted	616
# variants_measured	616
# variants_declined	0
# load_after	2.97 4.31 6.03
# executable_sha256_after	56fa8152ff5f5ff53c225398082e9f20e808df8208fc7a617023bb9912a34a59
# concurrent_build_processes_after	0
